Wilayah,UHH,HLS,RLS,PPP,IPM
ACEH,70.18,14.37,9.44,9963.0,tinggi
Simeulue,65.48,14.08,9.73,7371.0,sedang
Aceh Singkil,67.65,14.34,8.69,8994.0,sedang
Aceh Selatan,64.64,14.69,8.89,8353.0,sedang
Aceh Tenggara,68.48,14.26,9.92,8222.0,tinggi
Aceh Timur,68.94,13.06,8.32,9127.0,sedang
Aceh Tengah,69.05,14.61,9.87,10957.0,tinggi
Aceh Barat,68.19,14.63,9.87,9775.0,tinggi
Aceh Besar,69.99,14.75,10.35,9894.0,tinggi
Pidie,67.15,14.49,9.02,10211.0,tinggi
Bireuen,71.48,14.86,9.31,9438.0,tinggi
Aceh Utara,69.01,14.73,8.73,8620.0,tinggi
Aceh Barat Daya,65.3,13.66,8.68,8651.0,sedang
Gayo Lues,65.77,14.08,8.41,9094.0,sedang
Aceh Tamiang,69.87,13.96,9.04,8759.0,tinggi
Nagan Raya,69.45,14.16,8.95,8581.0,tinggi
Aceh Jaya,67.4,14.01,8.72,10041.0,tinggi
Bener Meriah,69.48,13.71,10.01,11421.0,tinggi
Pidie Jaya,70.41,14.98,9.53,10701.0,tinggi
Kota Banda Aceh,71.79,17.81,13.03,17228.0,sangat tinggi
Kota Sabang,70.79,14.4,11.19,11780.0,tinggi
Kota Langsa,69.63,15.64,11.14,12353.0,tinggi
Kota Lhokseumawe,71.87,15.27,11.12,11701.0,tinggi
Kota Subulussalam,64.3,14.81,8.22,7689.0,sedang
SUMATERA UTARA,69.61,13.31,9.71,10848.0,tinggi
Nias,70.06,13.04,5.88,7196.0,sedang
Mandailing Natal,63.05,13.85,8.76,10061.0,sedang
Tapanuli Selatan,65.28,13.37,9.34,11727.0,tinggi
Tapanuli Tengah,67.58,13.24,8.86,10495.0,tinggi
Tapanuli Utara,69.16,13.72,10.0,11892.0,tinggi
Toba Samosir / Toba,70.76,13.58,10.58,12475.0,tinggi
Labuhan Batu,70.37,12.95,9.4,11474.0,tinggi
Asahan,68.73,12.63,8.82,11515.0,tinggi
Simalungun,71.78,12.81,9.63,11524.0,tinggi
Dairi,69.64,13.24,9.72,10740.0,tinggi
Karo,72.03,12.95,10.02,12554.0,tinggi
Deli Serdang,72.07,13.38,10.27,12657.0,tinggi
Langkat,69.39,13.26,8.68,11439.0,tinggi
Nias Selatan,69.21,12.48,6.23,7195.0,sedang
Humbang Hasundutan,70.02,13.31,10.0,8250.0,tinggi
Pakpak Bharat,66.44,13.89,9.39,8558.0,sedang
Samosir,71.82,13.5,9.46,8991.0,tinggi
Serdang Bedagai,69.21,12.63,8.71,11499.0,tinggi
Batu Bara,67.55,12.93,8.26,10755.0,sedang
Padang Lawas Utara,67.53,13.23,9.46,10447.0,tinggi
Padang Lawas,67.43,13.41,9.31,9207.0,sedang
Labuhan Batu Selatan,69.16,13.12,8.92,11751.0,tinggi
Labuhan Batu Utara,69.91,13.29,8.64,12258.0,tinggi
Nias Utara,69.9,13.06,6.78,6575.0,sedang
Nias Barat,69.43,12.97,6.97,6152.0,sedang
Kota Sibolga,69.77,13.3,10.43,12135.0,tinggi
Kota Tanjung Balai,63.87,12.9,9.55,11589.0,sedang
Kota Pematang Siantar,74.25,14.59,11.31,12744.0,tinggi
Kota Tebing Tinggi,71.29,12.91,10.65,13144.0,tinggi
Kota Medan,73.58,14.77,11.5,15503.0,sangat tinggi
Kota Binjai,72.79,13.87,11.18,11358.0,tinggi
Kota Padangsidimpuan,69.84,14.58,11.11,11337.0,tinggi
Kota Gunungsitoli,71.71,13.77,8.64,8434.0,tinggi
SUMATERA BARAT,69.9,14.1,9.18,11130.0,tinggi
Kepulauan Mentawai,64.93,12.89,7.48,6567.0,sedang
Pesisir Selatan,71.25,13.35,8.43,9686.0,tinggi
Solok,69.19,13.3,7.89,10539.0,tinggi
Sijunjung,66.7,12.64,8.3,10582.0,sedang
Tanah Datar,70.49,14.59,8.9,10695.0,tinggi
Padang Pariaman,69.34,13.93,8.16,11159.0,tinggi
Agam,72.89,13.88,8.98,10171.0,tinggi
Lima Puluh Kota,70.08,13.4,8.08,10035.0,tinggi
Pasaman,67.96,13.05,8.11,8619.0,sedang
Solok Selatan,68.38,12.73,8.41,10560.0,sedang
Dharmasraya,71.9,12.51,8.56,11650.0,tinggi
Pasaman Barat,68.25,13.69,8.55,9381.0,sedang
Kota Padang,73.93,16.54,11.6,14889.0,sangat tinggi
Kota Solok,74.06,14.34,11.35,12515.0,tinggi
Kota Sawah Lunto,70.4,13.42,10.43,10537.0,tinggi
Kota Padang Panjang,73.02,15.07,11.92,11153.0,tinggi
Kota Bukittinggi,74.82,14.99,11.63,13633.0,sangat tinggi
Kota Payakumbuh,74.14,14.29,10.82,13687.0,tinggi
Kota Pariaman,70.67,14.61,10.78,13150.0,tinggi
RIAU,71.95,13.29,9.22,11158.0,tinggi
Kuantan Singingi,68.87,13.36,8.76,10647.0,tinggi
Indragiri Hulu,70.48,12.58,8.4,10472.0,tinggi
Indragiri Hilir,68.31,12.19,7.26,10234.0,sedang
Pelalawan,71.53,12.68,8.72,12163.0,tinggi
Siak,71.37,12.85,9.87,12230.0,tinggi
Kampar,71.12,13.59,9.39,11394.0,tinggi
Rokan Hulu,70.51,12.86,8.55,9841.0,tinggi
Bengkalis,71.5,13.16,9.71,11857.0,tinggi
Rokan Hilir,70.69,12.83,8.28,9906.0,tinggi
Kepulauan Meranti,68.09,12.84,7.88,8246.0,sedang
Kota Pekanbaru,72.7,15.56,11.93,14804.0,sangat tinggi
Kota Dumai,71.25,13.32,10.15,12249.0,tinggi
JAMBI,71.5,13.05,8.68,10871.0,tinggi
Kerinci,70.28,13.89,8.57,10570.0,tinggi
Merangin,71.53,12.05,7.91,10714.0,sedang
Sarolangun,69.46,12.47,8.12,12069.0,tinggi
Batang Hari,70.93,12.94,8.21,10173.0,tinggi
Muaro Jambi,71.58,12.99,8.59,9118.0,tinggi
Tanjung Jabung Timur,66.66,12.18,7.19,9503.0,sedang
Tanjung Jabung Barat,68.43,12.64,8.18,9968.0,sedang
Tebo,70.26,12.65,7.7,10725.0,sedang
Bungo,68.13,12.64,8.29,11956.0,tinggi
Kota Jambi,72.99,15.38,11.21,12597.0,tinggi
Kota Sungai Penuh,72.53,14.81,10.34,10745.0,tinggi
SUMATERA SELATAN,70.32,12.55,8.37,11109.0,tinggi
Ogan Komering Ulu,68.55,12.84,8.73,10499.0,tinggi
Ogan Komering Ilir,69.01,11.89,7.07,11251.0,sedang
Muara Enim,69.38,11.99,7.9,11304.0,sedang
Lahat,66.52,12.43,8.53,10296.0,sedang
Musi Rawas,68.62,12.21,7.55,10107.0,sedang
Musi Banyuasin,69.19,12.3,7.65,10453.0,sedang
Banyu Asin,69.43,11.95,7.45,10299.0,sedang
Ogan Komering Ulu Selatan,67.36,11.78,7.86,8895.0,sedang
Ogan Komering Ulu Timur,69.48,12.46,7.8,11759.0,tinggi
Ogan Ilir,65.98,12.32,7.91,11069.0,sedang
Empat Lawang,65.45,12.08,7.65,9838.0,sedang
Penukal Abab Lematang Ilir,68.65,12.3,7.06,8680.0,sedang
Musi Rawas Utara,66.08,11.61,7.26,10283.0,sedang
Kota Palembang,71.49,14.43,10.91,15168.0,tinggi
Kota Prabumulih,70.87,13.03,10.2,13106.0,tinggi
Kota Pagar Alam,67.29,13.24,9.41,9330.0,sedang
Kota Lubuklinggau,69.82,13.39,9.91,13832.0,tinggi
BENGKULU,69.69,13.68,8.91,10840.0,tinggi
Bengkulu Selatan,68.15,13.63,9.39,10318.0,tinggi
Rejang Lebong,69.0,14.01,8.55,10547.0,tinggi
Bengkulu Utara,68.53,12.89,8.1,10774.0,sedang
Kaur,67.01,13.07,8.39,9009.0,sedang
Seluma,68.13,13.3,8.09,8657.0,sedang
Mukomuko,67.0,12.76,8.31,10747.0,sedang
Lebong,63.68,12.75,8.24,11644.0,sedang
Kepahiang,68.28,13.13,8.3,9708.0,sedang
Bengkulu Tengah,68.37,13.45,7.49,9697.0,sedang
Kota Bengkulu,70.46,16.04,11.82,14503.0,sangat tinggi
LAMPUNG,70.99,12.74,8.18,10336.0,tinggi
Lampung Barat,67.9,12.27,8.2,10175.0,sedang
Tanggamus,68.95,12.3,7.35,9557.0,sedang
Lampung Selatan,69.69,12.54,7.72,10266.0,sedang
Lampung Timur,71.01,12.96,8.04,10403.0,tinggi
Lampung Tengah,70.08,12.95,7.64,11710.0,tinggi
Lampung Utara,69.57,12.54,8.35,8951.0,sedang
Way Kanan,69.69,12.42,7.72,9450.0,sedang
Tulangbawang,70.22,12.28,7.56,11114.0,sedang
Pesawaran,69.44,12.61,7.77,8192.0,sedang
Pringsewu,70.65,12.91,8.4,10577.0,tinggi
Mesuji,68.51,11.8,7.09,8466.0,sedang
Tulang Bawang Barat,70.23,12.09,7.72,8737.0,sedang
Pesisir Barat,63.99,12.13,8.53,8663.0,sedang
Kota Bandar Lampung,71.66,14.71,10.96,12593.0,tinggi
Kota Metro,71.88,14.76,10.98,12233.0,tinggi
KEP. BANGKA BELITUNG,70.98,12.18,8.11,13358.0,tinggi
Bangka,71.37,12.8,8.27,12863.0,tinggi
Belitung,71.31,11.89,8.74,14045.0,tinggi
Bangka Barat,70.25,11.72,7.46,12790.0,tinggi
Bangka Tengah,71.82,12.11,7.22,13422.0,tinggi
Bangka Selatan,68.68,11.43,6.89,12341.0,sedang
Belitung Timur,72.33,11.65,8.67,12357.0,tinggi
Kota Pangkal Pinang,73.68,13.17,10.27,16307.0,tinggi
KEPULAUAN RIAU,70.5,12.99,10.37,14469.0,tinggi
Karimun,71.53,12.59,8.48,12304.0,tinggi
Bintan,70.76,13.27,8.7,14739.0,tinggi
Natuna,65.76,13.92,8.96,14834.0,tinggi
Lingga,62.92,12.61,7.12,12134.0,sedang
Kepulauan Anambas,67.73,12.89,7.38,12137.0,sedang
Kota Batam,73.62,13.32,11.17,18506.0,sangat tinggi
Kota Tanjung Pinang,72.49,14.14,10.49,15864.0,tinggi
DKI JAKARTA,73.32,13.08,11.31,18927.0,sangat tinggi
Kep. Seribu,69.2,12.65,9.02,12999.0,tinggi
Kota Jakarta Selatan,74.49,13.35,11.66,24221.0,sangat tinggi
Kota Jakarta Timur,74.83,13.97,11.73,18199.0,sangat tinggi
Kota Jakarta Pusat,74.48,13.28,11.53,17765.0,sangat tinggi
Kota Jakarta Barat,73.81,12.82,11.13,21357.0,sangat tinggi
Kota Jakarta Utara,73.47,12.66,10.82,19201.0,sangat tinggi
JAWA BARAT,73.52,12.62,8.78,11277.0,tinggi
Bogor,71.65,12.5,8.34,10860.0,tinggi
Sukabumi,71.54,12.25,7.11,9210.0,sedang
Cianjur,70.58,12.01,7.2,8244.0,sedang
Bandung,74.01,12.71,9.08,10588.0,tinggi
Garut,71.85,12.15,7.83,8227.0,sedang
Tasikmalaya,69.95,12.59,7.73,8177.0,sedang
Ciamis,72.3,14.28,8.0,9428.0,tinggi
Kuningan,74.03,12.24,7.88,9620.0,tinggi
Cirebon,72.47,12.28,7.4,10791.0,tinggi
Majalengka,70.76,12.24,7.49,9950.0,sedang
Sumedang,72.91,12.99,8.72,10776.0,tinggi
Indramayu,72.15,12.27,6.83,10166.0,sedang
Subang,72.92,11.78,7.2,11294.0,sedang
Purwakarta,71.47,12.13,8.11,12193.0,tinggi
Karawang,72.62,12.19,7.96,11927.0,tinggi
Bekasi,74.04,13.11,9.53,11757.0,tinggi
Bandung Barat,72.79,11.89,8.22,9044.0,sedang
Pangandaran,71.89,12.11,8.03,9389.0,sedang
Kota Bogor,74.13,13.43,10.63,12058.0,tinggi
Kota Sukabumi,72.85,13.59,10.14,11229.0,tinggi
Kota Bandung,74.75,14.23,11.0,17639.0,sangat tinggi
Kota Cirebon,72.74,13.14,10.33,12087.0,tinggi
Kota Bekasi,75.48,14.11,11.44,16239.0,sangat tinggi
Kota Depok,74.92,13.94,11.47,15926.0,sangat tinggi
Kota Cimahi,74.5,13.82,11.21,12500.0,tinggi
Kota Tasikmalaya,72.63,13.47,9.53,10578.0,tinggi
Kota Banjar,71.49,13.25,8.78,10967.0,tinggi
JAWA TENGAH,74.57,12.81,7.93,11377.0,tinggi
Cilacap,74.07,12.66,7.18,10904.0,tinggi
Banyumas,73.88,13.21,7.78,11905.0,tinggi
Purbalingga,73.28,12.01,7.33,10277.0,sedang
Banjarnegara,74.37,11.81,6.84,9776.0,sedang
Kebumen,73.7,13.36,7.85,9282.0,tinggi
Purworejo,75.03,13.52,8.32,10671.0,tinggi
Wonosobo,72.05,11.78,6.88,11108.0,sedang
Magelang,74.03,12.58,7.81,10011.0,tinggi
Boyolali,76.12,12.62,8.08,13250.0,tinggi
Klaten,76.95,13.4,9.09,12522.0,tinggi
Sukoharjo,77.82,13.9,9.62,11841.0,tinggi
Wonogiri,76.41,12.51,7.42,9780.0,tinggi
Karanganyar,77.64,13.7,8.79,11798.0,tinggi
Sragen,75.87,12.91,7.79,13052.0,tinggi
Grobogan,74.93,12.45,7.26,10610.0,tinggi
Blora,74.6,12.44,7.01,10067.0,sedang
Rembang,74.68,12.13,7.41,10937.0,tinggi
Pati,76.32,12.95,7.79,10948.0,tinggi
Kudus,76.76,13.25,9.06,11609.0,tinggi
Jepara,75.97,12.77,8.09,10913.0,tinggi
Demak,75.52,13.33,8.1,10698.0,tinggi
Semarang,75.86,13.04,8.05,12448.0,tinggi
Temanggung,75.7,12.55,7.41,9773.0,tinggi
Kendal,74.53,12.97,7.71,11999.0,tinggi
Batang,74.79,12.14,6.9,9972.0,sedang
Pekalongan,73.8,12.43,7.46,10707.0,tinggi
Pemalang,73.65,11.98,6.5,8994.0,sedang
Tegal,71.85,12.91,7.25,10020.0,sedang
Brebes,69.74,12.15,6.35,10514.0,sedang
Kota Magelang,77.02,14.31,10.94,12816.0,sangat tinggi
Kota Surakarta,77.43,14.89,10.92,15463.0,sangat tinggi
Kota Salatiga,77.72,15.43,10.95,16351.0,sangat tinggi
Kota Semarang,77.69,15.54,10.8,16047.0,sangat tinggi
Kota Pekalongan,74.51,12.86,9.2,13158.0,tinggi
Kota Tegal,74.64,13.08,9.0,13455.0,tinggi
D I YOGYAKARTA,75.08,15.65,9.75,14482.0,sangat tinggi
Kulon Progo,75.28,14.38,9.17,10511.0,tinggi
Bantul,73.9,15.48,9.59,16002.0,sangat tinggi
Gunung Kidul,74.23,13.33,7.31,9874.0,tinggi
Sleman,75.0,16.76,10.94,16438.0,sangat tinggi
Kota Yogyakarta,74.83,17.61,11.89,19319.0,sangat tinggi
JAWA TIMUR,71.74,13.37,8.03,11992.0,tinggi
Pacitan,72.48,12.66,7.82,9184.0,sedang
Ponorogo,73.2,13.76,7.77,10199.0,tinggi
Trenggalek,74.26,12.5,7.89,10042.0,tinggi
Tulungagung,74.54,13.33,8.65,11162.0,tinggi
Blitar,73.98,12.64,7.82,11001.0,tinggi
Kediri,72.97,13.61,8.23,11565.0,tinggi
Malang,72.95,13.38,7.68,10326.0,tinggi
Lumajang,70.61,12.02,6.87,9466.0,sedang
Jember,69.68,13.44,6.5,9840.0,sedang
Banyuwangi,71.06,13.11,7.66,12320.0,tinggi
Bondowoso,67.29,13.31,6.22,10851.0,sedang
Situbondo,69.62,13.18,6.63,10263.0,sedang
Probolinggo,67.78,12.58,6.13,11254.0,sedang
Pasuruan,70.55,12.76,7.42,10726.0,sedang
Sidoarjo,74.36,14.95,10.77,14808.0,sangat tinggi
Mojokerto,72.93,12.96,8.97,13051.0,tinggi
Jombang,72.86,13.58,8.76,11579.0,tinggi
Nganjuk,71.95,13.07,8.12,12349.0,tinggi
Madiun,71.9,13.18,7.94,11848.0,tinggi
Magetan,72.97,14.05,8.66,12031.0,tinggi
Ngawi,72.81,12.84,7.59,11563.0,tinggi
Bojonegoro,72.16,12.84,7.43,10323.0,tinggi
Tuban,71.97,12.24,7.37,10703.0,sedang
Lamongan,72.86,14.01,8.33,11648.0,tinggi
Gresik,72.99,13.96,9.75,13384.0,tinggi
Bangkalan,70.54,11.91,5.97,8971.0,sedang
Sampang,68.38,12.39,5.06,8944.0,sedang
Pamekasan,68.03,13.67,6.88,8967.0,sedang
Sumenep,71.99,13.51,5.93,9388.0,sedang
Kota Kediri,74.34,15.44,10.45,12762.0,tinggi
Kota Blitar,74.26,14.56,10.65,14058.0,tinggi
Kota Malang,73.75,15.76,10.69,16897.0,sangat tinggi
Kota Probolinggo,70.68,13.67,9.29,12571.0,tinggi
Kota Pasuruan,71.96,13.64,9.67,13803.0,tinggi
Kota Mojokerto,73.74,14.02,10.8,14054.0,tinggi
Kota Madiun,73.13,14.43,11.67,16503.0,sangat tinggi
Kota Surabaya,74.47,14.83,10.51,18345.0,sangat tinggi
Kota Batu,72.97,14.4,9.63,13094.0,tinggi
BANTEN,70.39,13.05,9.13,12216.0,tinggi
Pandeglang,65.2,13.72,7.13,8827.0,sedang
Lebak,67.74,12.09,6.59,8854.0,sedang
Tangerang,70.28,12.85,8.92,12427.0,tinggi
Serang,65.18,12.78,7.78,10916.0,sedang
Kota Tangerang,71.91,13.88,10.84,14909.0,tinggi
Kota Cilegon,67.02,13.2,10.34,13185.0,tinggi
Kota Serang,68.54,12.81,8.9,13709.0,tinggi
Kota Tangerang Selatan,72.78,14.67,11.84,15997.0,sangat tinggi
BALI,72.6,13.48,9.39,13942.0,tinggi
Jembrana,72.82,13.01,8.64,11915.0,tinggi
Tabanan,74.1,13.03,9.15,14475.0,tinggi
Badung,75.51,14.03,10.64,17445.0,sangat tinggi
Gianyar,74.13,14.01,9.55,14630.0,tinggi
Klungkung,71.83,13.02,8.46,11500.0,tinggi
Bangli,70.97,12.49,7.47,11424.0,tinggi
Karangasem,70.89,12.62,6.67,10278.0,sedang
Buleleng,72.32,13.26,7.56,13529.0,tinggi
Kota Denpasar,75.3,14.1,11.5,19850.0,sangat tinggi
NUSA TENGGARA BARAT,67.07,13.96,7.61,10681.0,sedang
Lombok Barat,67.63,13.96,6.6,11754.0,sedang
Lombok Tengah,66.75,13.86,6.44,10470.0,sedang
Lombok Timur,66.55,14.05,7.04,9631.0,sedang
Sumbawa,68.12,13.23,8.21,9598.0,sedang
Dompu,67.36,13.69,8.73,9203.0,sedang
Bima,66.87,13.58,8.17,8699.0,sedang
Sumbawa Barat,68.74,13.65,8.9,11987.0,tinggi
Lombok Utara,67.75,12.77,6.3,9433.0,sedang
Kota Mataram,72.2,15.65,9.55,15416.0,tinggi
Kota Bima,70.83,15.05,10.94,11395.0,tinggi
NUSA TENGGARA TIMUR,67.47,13.21,7.7,7877.0,sedang
Sumba Barat,67.35,13.15,6.85,7627.0,sedang
Sumba Timur,65.38,12.85,7.33,9641.0,sedang
Kupang,65.28,13.88,7.41,7776.0,sedang
Timor Tengah Selatan,66.68,12.6,6.76,7118.0,sedang
Timor Tengah Utara,67.35,13.34,7.97,6559.0,sedang
Belu,65.28,12.3,7.38,7593.0,sedang
Alor,61.99,12.27,8.43,7198.0,sedang
Lembata,67.52,12.45,8.25,7622.0,sedang
Flores Timur,65.62,12.94,7.79,7918.0,sedang
Sikka,67.86,13.44,6.96,8362.0,sedang
Ende,65.76,13.81,8.09,9413.0,sedang
Ngada,68.4,12.73,8.54,8997.0,sedang
Manggarai,67.38,13.7,7.62,7580.0,sedang
Rote Ndao,65.26,13.21,7.76,6719.0,sedang
Manggarai Barat,67.73,12.31,7.8,7636.0,sedang
Sumba Tengah,68.65,13.12,6.73,6288.0,sedang
Sumba Barat Daya,68.79,13.09,6.37,6779.0,sedang
Nagekeo,67.56,12.51,7.91,8433.0,sedang
Manggarai Timur,68.29,12.3,7.42,6145.0,sedang
Sabu Raijua,60.87,13.17,6.77,5558.0,rendah
Malaka,65.34,12.81,7.12,6250.0,sedang
Kota Kupang,70.11,16.43,11.61,13513.0,sangat tinggi
KALIMANTAN BARAT,71.02,12.66,7.59,9355.0,sedang
Sambas,69.39,12.7,6.74,10462.0,sedang
Bengkayang,74.0,12.14,7.0,9484.0,sedang
Landak,73.39,12.44,7.15,7969.0,sedang
Mempawah,71.47,12.87,7.17,8049.0,sedang
Sanggau,71.58,11.65,7.41,8782.0,sedang
Ketapang,71.27,11.95,7.48,9426.0,sedang
Sintang,72.12,12.29,7.36,8858.0,sedang
Kapuas Hulu,72.69,12.14,7.59,7668.0,sedang
Sekadau,72.39,11.9,7.12,7566.0,sedang
Melawi,73.14,11.18,7.18,8830.0,sedang
Kayong Utara,68.82,11.95,6.21,8234.0,sedang
Kubu Raya,70.95,13.88,7.02,9142.0,sedang
Kota Pontianak,73.46,15.02,10.44,15141.0,sangat tinggi
Kota Singkawang,72.46,12.92,8.19,12089.0,tinggi
KALIMANTAN TENGAH,70.04,12.75,8.65,11458.0,tinggi
Kotawaringin Barat,70.98,12.75,8.54,13352.0,tinggi
Kotawaringin Timur,70.15,12.86,8.16,12048.0,tinggi
Kapuas,69.02,12.94,7.64,11377.0,tinggi
Barito Selatan,67.48,12.67,9.01,11780.0,tinggi
Barito Utara,71.5,12.53,8.9,10182.0,tinggi
Sukamara,71.8,12.15,8.1,9225.0,sedang
Lamandau,69.62,12.51,8.53,11559.0,tinggi
Seruyan,69.46,12.02,7.99,9821.0,sedang
Katingan,66.16,12.97,8.78,11036.0,sedang
Pulang Pisau,68.36,12.5,8.26,10273.0,sedang
Gunung Mas,70.72,11.91,9.24,10990.0,tinggi
Barito Timur,68.61,12.86,9.32,11710.0,tinggi
Murung Raya,69.75,11.87,7.66,10697.0,sedang
Kota Palangka Raya,73.47,14.97,11.55,14345.0,sangat tinggi
KALIMANTAN SELATAN,69.13,12.82,8.46,12469.0,tinggi
Tanah Laut,69.86,12.32,7.9,11703.0,tinggi
Kotabaru,69.56,12.06,7.47,12191.0,sedang
Banjar,67.73,13.02,7.71,12871.0,tinggi
Barito Kuala,66.55,12.54,7.63,10230.0,sedang
Tapin,70.88,12.04,7.95,12247.0,tinggi
Hulu Sungai Selatan,66.51,12.4,7.79,13157.0,sedang
Hulu Sungai Tengah,66.54,12.22,8.28,12448.0,sedang
Hulu Sungai Utara,64.53,12.93,7.76,10132.0,sedang
Tabalong,70.84,12.9,9.12,11914.0,tinggi
Tanah Bumbu,70.7,12.49,8.25,12217.0,tinggi
Balangan,68.13,12.61,7.85,11659.0,sedang
Kota Banjarmasin,71.59,13.95,10.21,14770.0,tinggi
Kota Banjar Baru,72.36,14.83,10.98,14136.0,tinggi
KALIMANTAN TIMUR,74.62,13.84,9.92,12641.0,tinggi
Paser,72.89,13.27,8.8,11181.0,tinggi
Kutai Barat,73.1,13.09,8.78,10740.0,tinggi
Kutai Kartanegara,72.65,13.63,9.24,11677.0,tinggi
Kutai Timur,73.47,13.0,9.44,11322.0,tinggi
Berau,72.32,13.35,9.54,13095.0,tinggi
Penajam Paser Utara,71.71,12.7,8.51,11890.0,tinggi
Mahakam Ulu,72.35,12.62,8.36,8215.0,sedang
Kota Balikpapan,74.78,14.23,10.92,15455.0,sangat tinggi
Kota Samarinda,74.56,15.1,10.71,15162.0,sangat tinggi
Kota Bontang,74.57,13.18,10.81,17327.0,sangat tinggi
KALIMANTAN UTARA,72.67,13.06,9.27,9350.0,tinggi
Malinau,71.5,13.33,9.41,10304.0,tinggi
Bulungan,72.76,13.03,9.2,9641.0,tinggi
Tana Tidung,71.51,12.38,8.97,8012.0,sedang
Nunukan,71.41,12.67,8.24,7446.0,sedang
Kota Tarakan,74.06,14.04,10.08,11596.0,tinggi
SULAWESI UTARA,72.08,12.95,9.68,11179.0,tinggi
Bolaang Mongondow,69.78,11.61,8.17,10614.0,sedang
Minahasa,71.49,14.17,9.82,12690.0,tinggi
Kepulauan Sangihe,70.51,12.59,8.49,11631.0,tinggi
Kepulauan Talaud,70.57,12.65,9.73,8869.0,tinggi
Minahasa Selatan,70.35,12.98,9.19,11717.0,tinggi
Minahasa Utara,71.68,13.06,10.18,11593.0,tinggi
Bolaang Mongondow Utara,68.05,12.34,8.57,9285.0,sedang
Siau Tagulandang Biaro,71.27,12.02,9.21,8401.0,sedang
Minahasa Tenggara,70.52,12.44,9.12,10753.0,tinggi
Bolaang Mongondow Selatan,64.74,12.31,8.16,9238.0,sedang
Bolaang Mongondow Timur,68.24,11.88,8.09,9390.0,sedang
Kota Manado,72.18,14.17,11.43,14399.0,tinggi
Kota Bitung,71.38,12.65,9.91,12665.0,tinggi
Kota Tomohon,72.44,14.23,10.75,12268.0,tinggi
Kota Kotamobagu,70.98,12.89,10.32,11151.0,tinggi
SULAWESI TENGAH,68.93,13.32,8.89,9696.0,tinggi
Banggai Kepulauan,66.73,13.08,8.46,7712.0,sedang
Banggai,70.88,13.34,8.54,9963.0,tinggi
Morowali,69.23,13.36,9.35,11291.0,tinggi
Poso,71.19,13.72,9.52,9218.0,tinggi
Donggala,67.61,12.6,7.98,8303.0,sedang
Toli-Toli,66.41,12.92,8.76,8191.0,sedang
Buol,69.32,13.17,9.08,8176.0,sedang
Parigi Moutong,64.35,12.5,7.77,10063.0,sedang
Tojo Una-Una,66.08,12.36,8.41,8096.0,sedang
Sigi,70.15,12.97,8.84,8498.0,sedang
Banggai Laut,65.81,13.02,8.63,8037.0,sedang
Morowali Utara,69.77,12.28,8.75,9242.0,sedang
Kota Palu,71.2,16.36,11.73,15162.0,sangat tinggi
SULAWESI SELATAN,70.97,13.53,8.63,11430.0,tinggi
Kepulauan Selayar,68.81,12.67,8.09,9446.0,sedang
Bulukumba,68.51,13.42,8.01,10941.0,tinggi
Bantaeng,70.88,12.3,6.81,12133.0,sedang
Jeneponto,66.81,12.11,6.75,9425.0,sedang
Takalar,67.64,12.48,7.64,10746.0,sedang
Gowa,70.7,13.66,8.4,9812.0,tinggi
Sinjai,67.68,13.25,7.79,9726.0,sedang
Maros,69.28,13.3,8.02,11403.0,tinggi
Pangkajene dan Kepulauan,67.12,12.78,8.05,11817.0,sedang
Barru,69.35,13.61,8.25,11275.0,tinggi
Bone,67.57,12.99,7.36,9277.0,sedang
Soppeng,70.2,13.2,7.96,9756.0,sedang
Wajo,67.82,13.3,7.16,12729.0,tinggi
Sidenreng Rappang,70.41,13.01,8.04,12379.0,tinggi
Pinrang,70.15,13.25,8.04,12102.0,tinggi
Enrekang,71.17,13.86,8.93,11183.0,tinggi
Luwu,70.75,13.4,8.48,10308.0,tinggi
Tana Toraja,73.72,13.87,8.52,7584.0,sedang
Luwu Utara,69.03,12.58,7.87,12105.0,tinggi
Luwu Timur,70.94,13.0,8.92,13058.0,tinggi
Toraja Utara,73.65,13.41,8.26,8494.0,tinggi
Kota Makasar,72.4,15.59,11.55,17406.0,sangat tinggi
Kota Parepare,71.57,14.52,10.66,14027.0,tinggi
Kota Palopo,71.18,15.1,11.09,13404.0,tinggi
SULAWESI TENGGARA,71.37,13.69,9.25,9708.0,tinggi
Buton,68.46,13.87,8.25,7594.0,sedang
Muna,70.47,14.01,8.52,8328.0,sedang
Konawe,70.38,13.03,9.3,10552.0,tinggi
Kolaka,71.3,13.02,9.06,12639.0,tinggi
Konawe Selatan,70.95,12.59,8.27,9347.0,sedang
Bombana,69.2,11.89,8.05,8680.0,sedang
Wakatobi,70.59,13.51,8.5,9758.0,tinggi
Kolaka Utara,70.4,12.16,8.54,10721.0,tinggi
Buton Utara,70.96,12.99,9.11,7935.0,sedang
Konawe Utara,69.59,13.11,9.53,9666.0,tinggi
Kolaka Timur,72.9,12.69,8.15,8155.0,sedang
Konawe Kepulauan,68.46,12.53,9.43,7192.0,sedang
Muna Barat,70.39,12.61,7.6,7668.0,sedang
Buton Tengah,67.78,13.18,7.33,7670.0,sedang
Buton Selatan,67.76,13.25,7.64,7476.0,sedang
Kota Kendari,73.93,16.9,12.52,14765.0,sangat tinggi
Kota Baubau,71.36,15.18,10.92,10835.0,tinggi
GORONTALO,68.51,13.12,8.02,10687.0,sedang
Boalemo,69.61,12.46,7.03,9543.0,sedang
Gorontalo,67.89,13.19,7.61,9850.0,sedang
Pohuwato,64.62,12.39,7.35,10913.0,sedang
Bone Bolango,68.88,13.66,8.33,10676.0,tinggi
Gorontalo Utara,66.3,12.47,7.16,9636.0,sedang
Kota Gorontalo,72.88,14.57,10.39,13077.0,tinggi
SULAWESI BARAT,65.63,12.87,8.08,9358.0,sedang
Majene,62.16,13.63,9.1,10152.0,sedang
Polewali Mandar,62.86,13.39,7.6,8726.0,sedang
Mamasa,71.2,12.53,8.0,7837.0,sedang
Mamuju,68.21,13.25,8.09,9668.0,sedang
Mamuju Utara / Pasangkayu,66.9,12.06,8.11,11330.0,sedang
Mamuju Tengah,68.97,12.65,7.61,8633.0,sedang
MALUKU,66.45,14.0,10.19,8876.0,tinggi
Maluku Tenggara Barat / Kepulauan Tanimbar,63.73,12.32,9.77,6473.0,sedang
Maluku Tenggara,65.46,12.89,9.78,7795.0,sedang
Maluku Tengah,66.73,14.28,9.76,10406.0,tinggi
Buru,66.72,13.22,8.99,10414.0,sedang
Kepulauan Aru,63.29,12.33,8.87,7733.0,sedang
Seram Bagian Barat,62.25,13.58,9.24,8890.0,sedang
Seram Bagian Timur,60.06,12.9,8.71,9591.0,sedang
Maluku Barat Daya,62.98,12.52,8.77,7010.0,sedang
Buru Selatan,66.69,12.83,8.06,7716.0,sedang
Kota Ambon,71.0,16.05,12.21,14405.0,sangat tinggi
Kota Tual,66.16,13.99,10.54,7519.0,sedang
MALUKU UTARA,68.79,13.73,9.24,8398.0,sedang
Halmahera Barat,66.64,13.23,8.57,7636.0,sedang
Halmahera Tengah,64.61,13.22,9.02,8212.0,sedang
Kepulauan Sula,63.68,12.96,9.02,7417.0,sedang
Halmahera Selatan,66.22,12.97,8.16,7479.0,sedang
Halmahera Utara,69.88,13.67,8.63,7774.0,sedang
Halmahera Timur,69.5,12.86,8.52,8230.0,sedang
Pulau Morotai,67.74,12.97,7.42,6767.0,sedang
Pulau Taliabu,62.53,12.86,7.94,6623.0,sedang
Kota Ternate,71.38,15.76,12.06,13586.0,sangat tinggi
Kota Tidore Kepulauan,69.75,14.36,9.96,8586.0,tinggi
PAPUA BARAT,66.46,13.21,7.84,8101.0,sedang
Fakfak,68.75,14.64,9.08,7678.0,sedang
Kaimana,65.27,12.49,8.74,8453.0,sedang
Teluk Wondama,60.57,11.69,7.2,8177.0,sedang
Teluk Bintuni,61.37,12.43,8.35,9979.0,sedang
Manokwari,69.18,13.77,8.45,12179.0,tinggi
Sorong Selatan,66.72,13.27,7.58,6342.0,sedang
Sorong,66.55,13.91,8.52,7607.0,sedang
Raja Ampat,65.12,12.1,8.16,8187.0,sedang
Tambrauw,60.68,12.19,5.64,5084.0,rendah
Maybrat,65.53,13.48,7.19,5425.0,sedang
Manokwari Selatan,67.84,12.37,6.9,5691.0,sedang
Pegunungan Arfak,67.5,11.78,5.34,5204.0,rendah
Kota Sorong,71.4,14.4,11.32,13874.0,tinggi
PAPUA BARAT DAYA,70.75375000000001,13.9925,10.7825,13033.0,sedang
Raja Ampat,70.1075,13.585,10.245,12192.0,sedang
Sorong,69.46125,13.1775,9.7075,11351.0,sedang
Sorong Selatan,68.815,12.77,9.17,10510.0,sedang
Maybrat,68.16875,12.3625,8.6325,9669.0,sedang
Tambrauw,67.52250000000001,11.955,8.094999999999999,8828.0,rendah
Kota Sorong,66.87625,11.5475,7.557499999999999,7987.0,tinggi
PAPUA,66.23,11.14,7.02,7146.0,tinggi
Merauke,67.31,14.2,9.04,10424.0,tinggi
Jayawijaya,60.26,12.83,5.74,7765.0,rendah
Jayapura,67.45,14.4,10.27,10230.0,tinggi
Nabire,68.41,12.44,10.16,9040.0,sedang
Kepulauan Yapen,69.39,12.8,9.69,7685.0,sedang
Biak Numfor,68.5,14.21,10.53,9788.0,tinggi
Paniai,66.94,10.52,4.78,6554.0,rendah
Puncak Jaya,65.66,7.5,4.03,5422.0,rendah
Mimika,72.57,12.95,10.2,11647.0,tinggi
Boven Digoel,60.64,11.27,9.03,8086.0,sedang
Mappi,65.66,10.84,6.78,6550.0,rendah
Asmat,58.9,9.49,5.36,5860.0,rendah
Yahukimo,66.31,7.8,4.28,5101.0,rendah
Pegunungan Bintang,64.79,6.59,3.23,5618.0,rendah
Tolikara,66.08,8.83,3.67,5079.0,rendah
Sarmi,66.74,12.32,9.15,6864.0,sedang
Keerom,67.04,12.45,8.31,9153.0,sedang
Waropen,66.68,12.83,9.4,6919.0,sedang
Supiori,66.36,13.18,9.09,5904.0,sedang
Mamberamo Raya,58.29,11.82,6.12,4806.0,rendah
Nduga,55.7,4.07,1.58,4190.0,rendah
Lanny Jaya,66.31,9.07,3.59,4559.0,rendah
Mamberamo Tengah,64.05,9.44,3.48,4630.0,rendah
Yalimo,65.72,9.5,3.19,4802.0,rendah
Puncak,66.13,5.58,2.17,5583.0,rendah
Dogiyai,66.13,10.61,4.96,5705.0,rendah
Intan Jaya,65.93,7.67,3.26,5624.0,rendah
Deiyai,65.66,9.84,3.26,4808.0,rendah
Kota Jayapura,70.76,15.04,11.74,15189.0,sangat tinggi
PAPUA SELATAN,70.80541666666667,14.959166666666668,11.612916666666669,15034.416666666666,sedang
Merauke,70.85083333333334,14.878333333333332,11.485833333333334,14879.833333333334,tinggi
Boven Digoel,70.89625000000001,14.7975,11.35875,14725.25,sedang
Mappi,70.94166666666666,14.716666666666663,11.231666666666667,14570.666666666666,rendah
Asmat,70.98708333333333,14.635833333333332,11.104583333333334,14416.083333333334,rendah
PAPUA TENGAH,71.0325,14.555,10.9775,14261.5,rendah
Mimika,71.07791666666667,14.474166666666664,10.850416666666666,14106.916666666666,tinggi
Dogiyai,71.12333333333333,14.393333333333333,10.723333333333333,13952.333333333334,rendah
Deiyai,71.16875,14.3125,10.59625,13797.75,rendah
Nabire,71.21416666666667,14.231666666666666,10.469166666666666,13643.166666666666,sedang
Paniai,71.25958333333334,14.150833333333331,10.342083333333331,13488.583333333334,rendah
Intan Jaya,71.305,14.07,10.215,13334.0,rendah
Puncak,71.35041666666666,13.989166666666666,10.087916666666668,13179.416666666666,rendah
Puncak Jaya,71.39583333333333,13.908333333333331,9.960833333333332,13024.833333333332,rendah
PAPUA PEGUNUNGAN,71.44125,13.8275,9.83375,12870.25,rendah
Nduga,71.48666666666666,13.746666666666666,9.706666666666669,12715.666666666666,rendah
Jayawijaya,71.53208333333333,13.665833333333332,9.579583333333334,12561.083333333332,rendah
Lanny Jaya,71.5775,13.585,9.4525,12406.5,rendah
Tolikara,71.62291666666667,13.504166666666666,9.325416666666666,12251.916666666666,rendah
Mamberamo Tengah,71.66833333333332,13.423333333333332,9.198333333333334,12097.333333333332,rendah
Yalimo,71.71374999999999,13.3425,9.07125,11942.75,rendah
Yahukimo,71.75916666666666,13.261666666666668,8.944166666666666,11788.166666666666,rendah
Pegunungan Bintang,71.80458333333333,13.180833333333332,8.817083333333333,11633.583333333332,rendah
INDONESIA,71.85,13.1,8.69,11479.0,tinggi
