Wilayah,UHH,HLS,RLS,PPP,IPM
ACEH,69.35,13.53,8.71,8297.0,sedang
Simeulue,64.24,12.75,8.89,5956.0,sedang
Aceh Singkil,66.94,14.05,7.48,7221.0,sedang
Aceh Selatan,63.18,13.05,7.6,7003.0,sedang
Aceh Tenggara,67.07,13.59,8.77,6949.0,sedang
Aceh Timur,68.06,11.83,7.38,7288.0,sedang
Aceh Tengah,68.38,14.11,9.31,9435.0,tinggi
Aceh Barat,67.33,14.35,8.17,7771.0,sedang
Aceh Besar,69.46,14.35,9.61,8622.0,tinggi
Pidie,66.28,13.5,8.25,9182.0,sedang
Bireuen,70.35,14.25,8.85,7319.0,sedang
Aceh Utara,68.42,13.99,8.06,6838.0,sedang
Aceh Barat Daya,63.72,13.11,7.89,7059.0,sedang
Gayo Lues,64.44,13.03,7.04,7742.0,sedang
Aceh Tamiang,68.67,13.27,7.71,7569.0,sedang
Nagan Raya,68.29,13.42,7.93,7084.0,sedang
Aceh Jaya,66.48,13.81,7.88,8721.0,sedang
Bener Meriah,68.64,13.02,9.0,9721.0,tinggi
Pidie Jaya,69.13,14.03,8.3,9260.0,sedang
Kota Banda Aceh,70.8,16.36,12.37,14766.0,sangat tinggi
Kota Sabang,69.54,12.39,10.35,9823.0,tinggi
Kota Langsa,68.79,14.58,10.48,10284.0,tinggi
Kota Lhokseumawe,70.62,15.11,10.39,9678.0,tinggi
Kota Subulussalam,62.87,13.3,6.77,6326.0,sedang
SUMATERA UTARA,68.04,12.61,8.93,9391.0,sedang
Nias,68.87,11.45,4.75,5980.0,rendah
Mandailing Natal,61.18,12.57,7.54,9040.0,sedang
Tapanuli Selatan,63.14,13.04,8.22,10593.0,sedang
Tapanuli Tengah,66.49,12.21,7.55,9489.0,sedang
Tapanuli Utara,67.25,13.14,9.05,10964.0,tinggi
Toba Samosir / Toba,69.04,13.16,9.83,11250.0,tinggi
Labuhan Batu,69.26,12.56,8.68,10325.0,tinggi
Asahan,67.27,12.15,7.98,9988.0,sedang
Simalungun,70.24,12.63,8.7,10597.0,tinggi
Dairi,67.48,12.05,8.59,9642.0,sedang
Karo,70.42,11.89,9.33,11548.0,tinggi
Deli Serdang,70.8,12.11,9.46,11065.0,tinggi
Langkat,67.33,12.69,7.85,10062.0,sedang
Nias Selatan,67.16,11.48,4.64,6329.0,rendah
Humbang Hasundutan,67.8,13.13,8.88,6736.0,sedang
Pakpak Bharat,64.45,13.78,8.39,7364.0,sedang
Samosir,69.66,13.39,8.57,7667.0,sedang
Serdang Bedagai,67.27,12.29,8.04,10042.0,sedang
Batu Bara,65.5,11.94,7.72,9370.0,sedang
Padang Lawas Utara,66.4,11.84,8.44,9171.0,sedang
Padang Lawas,66.01,12.9,8.16,7910.0,sedang
Labuhan Batu Selatan,68.06,11.88,8.67,10111.0,sedang
Labuhan Batu Utara,68.5,11.8,8.27,11147.0,sedang
Nias Utara,68.49,11.86,6.05,5580.0,rendah
Nias Barat,67.64,11.87,5.73,5156.0,rendah
Kota Sibolga,67.4,12.76,9.83,10623.0,tinggi
Kota Tanjung Balai,61.4,12.25,9.03,10133.0,sedang
Kota Pematang Siantar,71.69,13.97,10.7,11204.0,tinggi
Kota Tebing Tinggi,70.04,12.04,10.05,10918.0,tinggi
Kota Medan,72.18,13.69,10.88,13984.0,tinggi
Kota Binjai,71.39,13.0,9.77,10058.0,tinggi
Kota Padangsidimpuan,68.27,13.95,10.13,9623.0,tinggi
Kota Gunungsitoli,70.19,13.28,8.17,6685.0,sedang
SUMATERA BARAT,68.32,13.48,8.29,9621.0,sedang
Kepulauan Mentawai,63.55,11.35,6.19,5566.0,rendah
Pesisir Selatan,69.46,13.02,8.1,8368.0,sedang
Solok,66.95,12.53,7.56,9228.0,sedang
Sijunjung,64.72,11.91,7.32,9726.0,sedang
Tanah Datar,68.35,12.82,7.8,10014.0,sedang
Padang Pariaman,67.24,13.54,6.88,9990.0,sedang
Agam,70.8,13.58,8.1,8692.0,sedang
Lima Puluh Kota,69.22,12.41,7.59,8672.0,sedang
Pasaman,65.76,12.69,7.62,7058.0,sedang
Solok Selatan,66.04,12.15,7.97,9390.0,sedang
Dharmasraya,69.76,12.19,7.99,10550.0,sedang
Pasaman Barat,66.93,12.29,7.53,7897.0,sedang
Kota Padang,73.18,15.2,10.93,13387.0,tinggi
Kota Solok,72.34,14.26,10.75,10927.0,tinggi
Kota Sawah Lunto,69.17,12.68,9.65,8780.0,sedang
Kota Padang Panjang,72.44,14.73,10.79,9369.0,tinggi
Kota Bukittinggi,73.12,14.65,10.71,12137.0,tinggi
Kota Payakumbuh,72.43,14.18,9.96,12296.0,tinggi
Kota Pariaman,69.49,14.48,9.94,11541.0,tinggi
RIAU,70.76,12.45,8.47,10262.0,tinggi
Kuantan Singingi,67.66,11.96,8.17,9719.0,sedang
Indragiri Hulu,69.64,11.51,7.55,9726.0,sedang
Indragiri Hilir,66.54,10.67,6.81,9738.0,sedang
Pelalawan,70.13,11.02,7.82,11391.0,sedang
Siak,70.54,11.81,9.05,11531.0,tinggi
Kampar,69.8,12.72,8.62,10651.0,tinggi
Rokan Hulu,68.93,12.36,7.83,8786.0,sedang
Bengkalis,70.38,12.35,8.8,10661.0,tinggi
Rokan Hilir,69.27,11.42,7.62,9051.0,sedang
Kepulauan Meranti,66.42,12.34,7.44,6945.0,sedang
Kota Pekanbaru,71.55,14.07,10.95,14023.0,tinggi
Kota Dumai,70.05,12.4,9.56,10870.0,tinggi
JAMBI,70.43,12.38,7.92,9141.0,sedang
Kerinci,69.2,13.15,7.77,8865.0,sedang
Merangin,70.92,11.38,7.04,9108.0,sedang
Sarolangun,68.67,11.73,7.23,10985.0,sedang
Batang Hari,69.65,12.69,7.43,9220.0,sedang
Muaro Jambi,70.71,12.42,7.68,7297.0,sedang
Tanjung Jabung Timur,65.33,10.73,5.93,7699.0,rendah
Tanjung Jabung Barat,67.46,11.58,7.28,8105.0,sedang
Tebo,69.65,11.7,7.48,9145.0,sedang
Bungo,66.68,12.53,7.86,10481.0,sedang
Kota Jambi,72.31,13.62,10.62,10355.0,tinggi
Kota Sungai Penuh,71.51,14.57,9.05,9328.0,tinggi
SUMATERA SELATAN,68.93,11.75,7.66,9302.0,sedang
Ogan Komering Ulu,67.6,11.99,7.91,8848.0,sedang
Ogan Komering Ilir,67.99,10.78,6.44,9517.0,sedang
Muara Enim,67.7,11.48,7.19,9051.0,sedang
Lahat,64.17,12.25,7.86,8628.0,sedang
Musi Rawas,66.88,11.1,6.61,8787.0,sedang
Musi Banyuasin,67.99,11.57,7.18,8772.0,sedang
Banyu Asin,68.21,10.87,6.87,8218.0,sedang
Ogan Komering Ulu Selatan,65.78,11.21,7.3,7380.0,sedang
Ogan Komering Ulu Timur,67.79,11.66,7.05,10767.0,sedang
Ogan Ilir,64.38,11.63,7.34,9689.0,sedang
Empat Lawang,63.98,11.84,7.14,8656.0,sedang
Penukal Abab Lematang Ilir,67.55,10.13,6.5,6941.0,rendah
Musi Rawas Utara,64.69,10.89,6.06,8892.0,sedang
Kota Palembang,69.8,13.67,10.23,13624.0,tinggi
Kota Prabumulih,69.39,12.21,9.6,11775.0,tinggi
Kota Pagar Alam,65.5,12.78,8.61,7273.0,sedang
Kota Lubuklinggau,68.49,13.26,9.32,12233.0,tinggi
BENGKULU,68.36,13.01,8.28,8864.0,sedang
Bengkulu Selatan,67.06,13.42,8.75,8777.0,sedang
Rejang Lebong,67.42,12.76,7.6,8869.0,sedang
Bengkulu Utara,67.38,12.78,7.8,9293.0,sedang
Kaur,65.46,12.82,7.76,7232.0,sedang
Seluma,66.4,12.55,7.37,6894.0,sedang
Mukomuko,65.83,12.1,7.4,9269.0,sedang
Lebong,62.01,11.39,7.62,10210.0,sedang
Kepahiang,66.65,12.3,7.5,8545.0,sedang
Bengkulu Tengah,67.61,12.35,6.86,7885.0,sedang
Kota Bengkulu,69.46,14.36,11.44,11873.0,tinggi
LAMPUNG,69.66,12.24,7.48,8476.0,sedang
Lampung Barat,66.02,11.36,7.25,8459.0,sedang
Tanggamus,67.12,11.49,6.63,7880.0,sedang
Lampung Selatan,68.12,10.98,7.01,8441.0,sedang
Lampung Timur,69.33,12.38,7.16,8814.0,sedang
Lampung Tengah,68.91,12.16,7.06,9935.0,sedang
Lampung Utara,68.02,12.38,7.69,7567.0,sedang
Way Kanan,68.21,11.96,6.76,8278.0,sedang
Tulangbawang,68.94,11.11,7.1,9796.0,sedang
Pesawaran,67.33,11.44,7.21,6680.0,sedang
Pringsewu,68.01,12.47,7.53,8992.0,sedang
Mesuji,67.05,10.34,5.8,6764.0,rendah
Tulang Bawang Barat,68.98,11.29,6.81,7137.0,sedang
Pesisir Barat,61.74,11.12,7.36,7169.0,rendah
Kota Bandar Lampung,70.55,13.31,10.85,10702.0,tinggi
Kota Metro,70.98,14.25,10.54,10606.0,tinggi
KEP. BANGKA BELITUNG,69.72,11.18,7.35,11691.0,sedang
Bangka,70.47,12.33,7.92,10679.0,sedang
Belitung,70.22,10.77,8.07,12375.0,sedang
Bangka Barat,69.46,10.99,6.57,11154.0,sedang
Bangka Tengah,69.98,11.4,6.68,12170.0,sedang
Bangka Selatan,66.56,10.86,5.87,10633.0,sedang
Belitung Timur,71.03,10.94,7.89,10272.0,sedang
Kota Pangkal Pinang,72.31,12.74,9.63,14619.0,tinggi
KEPULAUAN RIAU,69.15,12.51,9.64,13019.0,tinggi
Karimun,69.01,11.86,7.73,11090.0,sedang
Bintan,69.91,11.8,8.3,13477.0,tinggi
Natuna,63.24,13.84,8.07,13414.0,tinggi
Lingga,59.47,11.59,5.53,10949.0,sedang
Kepulauan Anambas,66.23,11.62,6.16,11182.0,sedang
Kota Batam,72.8,12.62,10.8,16735.0,tinggi
Kota Tanjung Pinang,71.55,14.03,9.94,14141.0,tinggi
DKI JAKARTA,72.27,12.38,10.54,16898.0,tinggi
Kep. Seribu,67.22,11.89,8.03,11316.0,sedang
Kota Jakarta Selatan,73.81,13.09,10.97,22208.0,sangat tinggi
Kota Jakarta Timur,74.0,13.06,11.21,16248.0,sangat tinggi
Kota Jakarta Pusat,73.6,12.51,10.87,15922.0,tinggi
Kota Jakarta Barat,73.22,12.39,10.13,18897.0,tinggi
Kota Jakarta Utara,72.81,11.89,9.85,16959.0,tinggi
JAWA BARAT,72.23,12.08,7.71,9447.0,sedang
Bogor,70.49,11.81,7.74,9066.0,sedang
Sukabumi,69.73,12.12,6.36,7824.0,sedang
Cianjur,69.08,11.82,6.52,6733.0,sedang
Bandung,72.97,11.74,8.34,8999.0,sedang
Garut,70.49,11.62,6.83,6372.0,sedang
Tasikmalaya,67.96,12.41,6.87,6830.0,sedang
Ciamis,70.34,13.57,7.44,8162.0,sedang
Kuningan,72.24,12.01,7.04,8393.0,sedang
Cirebon,71.28,11.6,6.31,9013.0,sedang
Majalengka,68.66,11.61,6.75,8233.0,sedang
Sumedang,71.89,12.89,7.66,8844.0,sedang
Indramayu,70.29,11.62,5.45,8668.0,sedang
Subang,71.22,11.44,6.44,9287.0,sedang
Purwakarta,69.96,11.33,7.17,10521.0,sedang
Karawang,71.45,11.64,6.78,9768.0,sedang
Bekasi,73.16,11.73,8.38,10232.0,tinggi
Bandung Barat,71.56,11.06,7.51,7188.0,sedang
Pangandaran,69.84,11.89,7.05,8232.0,sedang
Kota Bogor,72.58,12.23,10.01,10532.0,tinggi
Kota Sukabumi,71.76,13.18,8.7,9641.0,tinggi
Kota Bandung,73.8,13.33,10.51,15048.0,tinggi
Kota Cirebon,71.77,12.93,9.53,10606.0,tinggi
Kota Bekasi,74.18,13.28,10.55,14558.0,tinggi
Kota Depok,73.96,13.3,10.58,14239.0,tinggi
Kota Cimahi,73.56,13.71,10.78,10681.0,tinggi
Kota Tasikmalaya,70.96,13.36,8.51,8210.0,sedang
Kota Banjar,70.24,12.42,7.77,9439.0,sedang
JAWA TENGAH,73.88,12.17,6.93,9640.0,sedang
Cilacap,72.8,12.27,6.48,9091.0,sedang
Banyumas,72.92,12.56,7.31,9580.0,sedang
Purbalingga,72.8,11.51,6.84,8539.0,sedang
Banjarnegara,73.39,10.7,5.9,7684.0,sedang
Kebumen,72.67,12.07,6.75,7755.0,sedang
Purworejo,73.83,13.03,7.63,9189.0,tinggi
Wonosobo,70.82,11.34,6.07,9491.0,sedang
Magelang,73.25,12.0,7.02,7877.0,sedang
Boyolali,75.61,11.65,6.69,11504.0,tinggi
Klaten,76.54,12.74,7.92,10965.0,tinggi
Sukoharjo,77.45,12.96,8.41,10264.0,tinggi
Wonogiri,75.84,11.94,6.23,8249.0,sedang
Karanganyar,76.71,13.26,8.47,10313.0,tinggi
Sragen,75.31,12.19,6.85,10876.0,tinggi
Grobogan,74.07,12.24,6.32,9303.0,sedang
Blora,73.84,11.75,6.02,8568.0,sedang
Rembang,74.19,11.46,6.9,9013.0,sedang
Pati,75.43,11.24,6.35,9106.0,sedang
Kudus,76.4,12.58,7.83,10102.0,tinggi
Jepara,75.64,12.25,7.29,9195.0,sedang
Demak,75.18,11.84,7.44,9003.0,sedang
Semarang,75.5,12.81,7.31,10586.0,tinggi
Temanggung,75.34,11.69,6.18,8062.0,sedang
Kendal,74.14,11.83,6.53,10126.0,sedang
Batang,74.4,10.65,6.0,8012.0,sedang
Pekalongan,73.33,11.93,6.53,8938.0,sedang
Pemalang,72.64,11.26,5.87,6911.0,sedang
Tegal,70.8,11.99,5.93,8050.0,sedang
Brebes,67.9,11.03,5.86,8784.0,sedang
Kota Magelang,76.57,12.98,10.27,10344.0,tinggi
Kota Surakarta,76.99,13.92,10.33,12907.0,tinggi
Kota Salatiga,76.53,14.95,9.37,14205.0,tinggi
Kota Semarang,77.18,13.97,10.19,12802.0,tinggi
Kota Pekalongan,74.09,11.93,8.12,11006.0,tinggi
Kota Tegal,74.1,11.96,8.26,11519.0,tinggi
D I YOGYAKARTA,74.5,14.85,8.84,12294.0,tinggi
Kulon Progo,74.9,13.27,8.2,8480.0,tinggi
Bantul,73.24,14.62,8.74,13921.0,tinggi
Gunung Kidul,73.39,12.82,6.45,8235.0,sedang
Sleman,74.47,15.64,10.28,14170.0,sangat tinggi
Kota Yogyakarta,74.05,15.97,11.39,16755.0,sangat tinggi
JAWA TIMUR,70.45,12.45,7.05,10012.0,sedang
Pacitan,70.75,11.61,6.43,7656.0,sedang
Ponorogo,71.88,13.04,6.91,8383.0,sedang
Trenggalek,72.51,11.64,6.87,8417.0,sedang
Tulungagung,72.88,12.72,7.45,9505.0,sedang
Blitar,72.5,11.49,6.82,9245.0,sedang
Kediri,72.04,12.01,7.41,9633.0,sedang
Malang,71.78,11.25,6.66,8817.0,sedang
Lumajang,69.07,11.12,6.03,7895.0,sedang
Jember,67.8,12.0,5.63,8227.0,sedang
Banyuwangi,69.93,11.81,6.87,10379.0,sedang
Bondowoso,65.43,12.85,5.52,9176.0,sedang
Situbondo,68.08,12.97,5.54,8383.0,sedang
Probolinggo,65.75,11.6,5.64,9877.0,sedang
Pasuruan,69.83,11.78,6.36,8293.0,sedang
Sidoarjo,73.43,13.55,10.09,12632.0,tinggi
Mojokerto,71.76,11.97,7.74,11208.0,tinggi
Jombang,71.37,12.65,7.52,9709.0,sedang
Nganjuk,70.87,12.65,7.31,10754.0,sedang
Madiun,69.76,12.79,6.89,10667.0,sedang
Magetan,71.91,12.77,7.55,10539.0,tinggi
Ngawi,71.33,12.29,6.52,10143.0,sedang
Bojonegoro,70.11,12.08,6.14,8964.0,sedang
Tuban,70.25,11.42,6.18,8906.0,sedang
Lamongan,71.47,13.41,7.27,9545.0,sedang
Gresik,72.2,13.17,8.42,11514.0,tinggi
Bangkalan,69.62,11.17,5.07,7459.0,sedang
Sampang,67.48,10.39,3.49,7798.0,rendah
Pamekasan,66.56,13.32,5.72,7478.0,sedang
Sumenep,70.02,12.39,4.77,7143.0,sedang
Kota Kediri,73.52,13.52,9.7,10702.0,tinggi
Kota Blitar,72.7,13.51,9.81,11672.0,tinggi
Kota Malang,72.3,14.47,9.97,15399.0,tinggi
Kota Probolinggo,69.52,13.29,8.44,10182.0,tinggi
Kota Pasuruan,70.54,13.53,9.06,11527.0,tinggi
Kota Mojokerto,72.39,13.3,9.91,11689.0,tinggi
Kota Madiun,72.41,13.64,10.9,14643.0,tinggi
Kota Surabaya,73.85,13.44,10.07,15492.0,tinggi
Kota Batu,72.06,12.9,8.41,10853.0,tinggi
BANTEN,69.13,12.31,8.19,11150.0,sedang
Pandeglang,62.91,13.38,6.45,7589.0,sedang
Lebak,65.88,11.88,5.84,7977.0,sedang
Tangerang,68.98,11.65,8.2,11666.0,sedang
Serang,63.09,12.35,6.69,9886.0,sedang
Kota Tangerang,71.09,12.86,10.2,13671.0,tinggi
Kota Cilegon,65.85,13.07,9.66,12057.0,tinggi
Kota Serang,67.23,12.34,8.58,12091.0,tinggi
Kota Tangerang Selatan,72.11,13.58,11.56,14361.0,tinggi
BALI,71.19,12.64,8.11,12831.0,tinggi
Jembrana,71.39,11.48,7.3,10944.0,sedang
Tabanan,72.64,12.04,7.91,13492.0,tinggi
Badung,74.3,13.0,9.29,16080.0,tinggi
Gianyar,72.78,13.06,8.28,13382.0,tinggi
Klungkung,69.91,12.57,6.9,10501.0,sedang
Bangli,69.44,11.15,6.38,10469.0,sedang
Karangasem,69.18,11.81,5.39,9402.0,sedang
Buleleng,70.71,12.01,6.66,12249.0,sedang
Kota Denpasar,73.71,13.46,10.96,18605.0,sangat tinggi
NUSA TENGGARA BARAT,64.89,12.73,6.67,8987.0,sedang
Lombok Barat,64.5,12.09,5.63,10470.0,sedang
Lombok Tengah,64.45,12.36,5.52,8652.0,sedang
Lombok Timur,64.04,13.1,6.06,7750.0,sedang
Sumbawa,65.72,11.94,7.31,7519.0,sedang
Dompu,65.06,13.16,7.45,7239.0,sedang
Bima,64.56,12.7,7.29,7198.0,sedang
Sumbawa Barat,65.85,13.21,7.44,9922.0,sedang
Lombok Utara,65.19,12.31,4.97,7594.0,sedang
Kota Mataram,70.18,15.27,9.04,13021.0,tinggi
Kota Bima,69.03,14.92,9.58,9352.0,tinggi
NUSA TENGGARA TIMUR,65.91,12.65,6.85,6934.0,sedang
Sumba Barat,66.11,12.11,6.38,6714.0,sedang
Sumba Timur,63.48,12.02,6.14,8808.0,sedang
Kupang,62.97,13.45,6.84,6945.0,sedang
Timor Tengah Selatan,65.45,12.51,5.98,6061.0,rendah
Timor Tengah Utara,65.89,13.24,6.69,5679.0,sedang
Belu,62.31,11.41,7.03,7025.0,rendah
Alor,59.73,11.25,7.74,6284.0,rendah
Lembata,65.35,11.5,7.44,6857.0,sedang
Flores Timur,63.88,11.49,6.86,7099.0,sedang
Sikka,65.7,11.38,6.53,7559.0,sedang
Ende,64.27,13.71,7.3,8551.0,sedang
Ngada,67.32,11.99,7.51,8070.0,sedang
Manggarai,64.78,11.29,6.79,6790.0,sedang
Rote Ndao,62.86,12.2,6.16,5873.0,rendah
Manggarai Barat,65.98,10.15,6.8,6937.0,rendah
Sumba Tengah,67.65,11.44,5.1,5788.0,rendah
Sumba Barat Daya,67.08,12.59,6.01,5880.0,rendah
Nagekeo,66.05,11.39,7.14,7868.0,sedang
Manggarai Timur,67.27,10.15,6.42,5208.0,rendah
Sabu Raijua,57.98,12.18,5.54,4748.0,rendah
Malaka,64.15,11.56,6.07,5512.0,rendah
Kota Kupang,68.14,15.55,11.41,12766.0,tinggi
KALIMANTAN BARAT,69.76,11.89,6.83,8175.0,sedang
Sambas,67.74,11.46,5.8,9153.0,sedang
Bengkayang,72.89,11.11,5.97,8363.0,sedang
Landak,71.97,12.0,7.05,6417.0,sedang
Mempawah,70.28,11.75,6.33,7063.0,sedang
Sanggau,70.28,10.6,6.37,7411.0,sedang
Ketapang,70.51,10.9,6.22,8159.0,sedang
Sintang,70.95,10.25,6.63,8098.0,sedang
Kapuas Hulu,71.94,11.8,6.65,6440.0,sedang
Sekadau,70.8,11.12,6.54,6689.0,sedang
Melawi,72.38,10.65,6.0,7727.0,sedang
Kayong Utara,67.03,10.89,5.19,6769.0,rendah
Kubu Raya,69.64,12.34,6.41,7973.0,sedang
Kota Pontianak,72.01,13.84,9.62,13706.0,tinggi
Kota Singkawang,70.84,12.8,7.26,10950.0,sedang
KALIMANTAN TENGAH,69.39,11.93,7.82,9682.0,sedang
Kotawaringin Barat,69.77,12.12,7.82,11908.0,tinggi
Kotawaringin Timur,69.41,12.04,7.69,10430.0,sedang
Kapuas,68.3,11.14,6.94,9726.0,sedang
Barito Selatan,66.08,11.14,8.27,10374.0,sedang
Barito Utara,70.91,11.15,8.0,8326.0,sedang
Sukamara,71.19,11.09,7.3,7568.0,sedang
Lamandau,69.07,11.8,7.67,9925.0,sedang
Seruyan,68.58,11.08,7.03,7958.0,sedang
Katingan,64.98,11.69,8.23,9542.0,sedang
Pulang Pisau,67.44,11.63,7.58,8556.0,sedang
Gunung Mas,69.59,10.82,8.74,9965.0,sedang
Barito Timur,67.41,11.98,9.01,10465.0,sedang
Murung Raya,69.11,11.68,7.18,9268.0,sedang
Kota Palangka Raya,72.95,14.89,10.73,12521.0,tinggi
KALIMANTAN SELATAN,67.47,11.96,7.6,10748.0,sedang
Tanah Laut,68.22,11.09,7.27,10632.0,sedang
Kotabaru,68.14,11.11,6.8,10536.0,sedang
Banjar,65.32,10.99,6.96,12004.0,sedang
Barito Kuala,64.49,11.54,6.47,8936.0,sedang
Tapin,69.02,11.17,7.17,10839.0,sedang
Hulu Sungai Selatan,63.64,11.68,7.21,11077.0,sedang
Hulu Sungai Tengah,64.33,11.42,7.27,11040.0,sedang
Hulu Sungai Utara,62.09,12.1,6.63,8164.0,sedang
Tabalong,69.39,11.96,7.95,10088.0,sedang
Tanah Bumbu,68.84,11.2,7.26,10697.0,sedang
Balangan,66.65,11.03,6.36,10617.0,sedang
Kota Banjarmasin,70.02,13.73,9.88,12501.0,tinggi
Kota Banjar Baru,71.06,14.73,10.74,12376.0,tinggi
KALIMANTAN TIMUR,73.62,13.17,9.04,11019.0,tinggi
Paser,71.88,12.63,7.99,9706.0,sedang
Kutai Barat,72.03,12.14,7.98,9262.0,sedang
Kutai Kartanegara,71.5,13.24,8.46,9984.0,tinggi
Kutai Timur,72.37,12.42,8.6,9484.0,tinggi
Berau,71.21,12.96,8.53,11471.0,tinggi
Penajam Paser Utara,70.48,11.69,7.46,10807.0,sedang
Mahakam Ulu,71.12,11.87,7.15,7071.0,sedang
Kota Balikpapan,73.94,13.43,10.41,13439.0,tinggi
Kota Samarinda,73.63,14.16,10.26,13538.0,tinggi
Kota Bontang,73.68,12.68,10.35,15878.0,tinggi
KALIMANTAN UTARA,72.12,12.52,8.35,8289.0,sedang
Malinau,70.93,13.22,8.27,9343.0,tinggi
Bulungan,72.11,12.53,8.27,8852.0,sedang
Tana Tidung,70.8,12.14,7.84,6696.0,sedang
Nunukan,70.82,12.39,7.21,6105.0,sedang
Kota Tarakan,73.5,13.39,9.9,10581.0,tinggi
SULAWESI UTARA,70.94,12.16,8.86,9628.0,sedang
Bolaang Mongondow,68.02,10.9,7.13,9107.0,sedang
Minahasa,70.25,12.83,9.53,11320.0,tinggi
Kepulauan Sangihe,69.07,11.09,7.34,10460.0,sedang
Kepulauan Talaud,69.13,11.83,8.73,7907.0,sedang
Minahasa Selatan,69.0,11.1,8.47,10549.0,sedang
Minahasa Utara,70.79,11.85,9.07,10339.0,tinggi
Bolaang Mongondow Utara,66.64,11.84,7.51,8131.0,sedang
Siau Tagulandang Biaro,69.29,10.89,8.18,7442.0,sedang
Minahasa Tenggara,69.48,11.48,8.37,9528.0,sedang
Bolaang Mongondow Selatan,63.87,12.19,7.68,8183.0,sedang
Bolaang Mongondow Timur,67.11,11.04,7.28,7965.0,sedang
Kota Manado,71.28,13.81,11.01,12904.0,tinggi
Kota Bitung,70.25,11.3,9.26,11348.0,tinggi
Kota Tomohon,70.45,13.68,10.2,10367.0,tinggi
Kota Kotamobagu,69.64,12.3,9.75,9546.0,tinggi
SULAWESI TENGAH,67.18,12.71,7.89,8602.0,sedang
Banggai Kepulauan,64.25,12.7,7.39,7038.0,sedang
Banggai,69.73,12.32,7.71,8718.0,sedang
Morowali,68.06,12.12,7.97,10059.0,sedang
Poso,69.99,12.87,8.49,7869.0,sedang
Donggala,65.79,12.41,7.8,7237.0,sedang
Toli-Toli,63.75,12.26,7.69,6959.0,sedang
Buol,66.66,13.03,8.3,7431.0,sedang
Parigi Moutong,63.17,11.72,6.71,8723.0,sedang
Tojo Una-Una,63.87,11.28,7.62,7111.0,sedang
Sigi,68.66,11.82,8.11,7238.0,sedang
Banggai Laut,63.28,12.0,7.82,7324.0,sedang
Morowali Utara,68.29,11.65,8.14,8309.0,sedang
Kota Palu,69.93,15.15,11.17,14413.0,tinggi
SULAWESI SELATAN,69.59,12.9,7.49,9723.0,sedang
Kepulauan Selayar,67.5,11.98,7.1,7656.0,sedang
Bulukumba,66.43,12.31,6.66,9618.0,sedang
Bantaeng,69.68,11.48,6.16,10294.0,sedang
Jeneponto,65.39,11.68,5.63,8417.0,sedang
Takalar,65.9,11.31,6.57,9351.0,sedang
Gowa,69.78,12.45,6.99,8515.0,sedang
Sinjai,66.36,11.96,7.03,8272.0,sedang
Maros,68.5,12.37,7.17,9355.0,sedang
Pangkajene dan Kepulauan,65.37,12.37,7.31,10161.0,sedang
Barru,67.73,13.45,7.28,9733.0,sedang
Bone,65.81,12.16,6.11,7845.0,sedang
Soppeng,68.42,11.45,7.04,8699.0,sedang
Wajo,65.93,13.05,6.36,10778.0,sedang
Sidenreng Rappang,68.07,12.8,7.3,10434.0,sedang
Pinrang,68.03,13.16,7.45,10680.0,sedang
Enrekang,70.21,13.29,7.98,9347.0,sedang
Luwu,69.14,12.87,7.6,8764.0,sedang
Tana Toraja,72.11,12.89,7.81,6214.0,sedang
Luwu Utara,67.0,12.09,7.19,10605.0,sedang
Luwu Timur,69.44,11.95,7.8,11859.0,sedang
Toraja Utara,72.5,12.61,7.7,6955.0,sedang
Kota Makasar,71.38,14.75,10.64,15079.0,tinggi
Kota Parepare,70.39,14.04,9.95,12692.0,tinggi
Kota Palopo,70.12,15.01,9.96,11713.0,tinggi
SULAWESI TENGGARA,70.39,12.78,8.02,8555.0,sedang
Buton,67.17,12.79,6.68,6660.0,sedang
Muna,69.76,12.45,7.05,7666.0,sedang
Konawe,69.35,12.22,8.58,9396.0,sedang
Kolaka,69.8,11.89,8.17,11699.0,tinggi
Konawe Selatan,69.77,11.6,7.49,8301.0,sedang
Bombana,67.62,11.76,7.5,7236.0,sedang
Wakatobi,69.49,12.79,7.68,8306.0,sedang
Kolaka Utara,69.19,10.8,7.46,9489.0,sedang
Buton Utara,70.36,11.94,7.91,6850.0,sedang
Konawe Utara,68.59,11.53,8.22,8397.0,sedang
Kolaka Timur,71.31,10.78,6.3,7094.0,sedang
Konawe Kepulauan,67.86,10.16,8.7,6039.0,sedang
Muna Barat,69.76,11.59,6.22,6855.0,sedang
Buton Tengah,67.17,12.28,6.59,6658.0,sedang
Buton Selatan,67.17,12.52,6.35,6571.0,sedang
Kota Kendari,72.94,16.03,11.65,13430.0,sangat tinggi
Kota Baubau,70.43,14.76,9.48,9764.0,tinggi
GORONTALO,67.0,12.49,6.97,8762.0,sedang
Boalemo,67.29,11.89,6.15,7598.0,sedang
Gorontalo,66.53,11.89,6.53,8032.0,sedang
Pohuwato,62.33,11.68,6.54,8925.0,sedang
Bone Bolango,67.5,12.33,7.7,8669.0,sedang
Gorontalo Utara,64.79,11.68,6.59,7999.0,sedang
Kota Gorontalo,71.68,13.76,10.28,11019.0,tinggi
SULAWESI BARAT,64.04,11.78,6.88,8170.0,sedang
Majene,60.21,13.11,7.72,9138.0,sedang
Polewali Mandar,61.14,12.4,6.76,7220.0,sedang
Mamasa,70.28,11.18,6.92,7022.0,sedang
Mamuju,66.37,12.7,6.91,8494.0,sedang
Mamuju Utara / Pasangkayu,64.83,10.97,7.15,9989.0,sedang
Mamuju Tengah,67.0,11.23,6.49,7374.0,sedang
MALUKU,65.01,13.53,9.15,7925.0,sedang
Maluku Tenggara Barat / Kepulauan Tanimbar,62.5,11.81,8.88,5600.0,rendah
Maluku Tenggara,63.98,12.06,8.71,6804.0,sedang
Maluku Tengah,65.59,13.55,8.88,9547.0,sedang
Buru,65.5,12.23,7.15,9420.0,sedang
Kepulauan Aru,61.57,11.03,7.98,6891.0,rendah
Seram Bagian Barat,59.9,12.7,8.42,7779.0,sedang
Seram Bagian Timur,57.7,11.71,6.97,8492.0,rendah
Maluku Barat Daya,60.63,11.3,7.6,6150.0,rendah
Buru Selatan,65.36,11.69,6.62,6915.0,sedang
Kota Ambon,69.46,15.88,11.61,13146.0,tinggi
Kota Tual,63.76,13.84,9.65,6642.0,sedang
MALUKU UTARA,67.33,12.72,8.34,7234.0,sedang
Halmahera Barat,65.15,12.15,7.71,6697.0,sedang
Halmahera Tengah,62.2,12.27,7.74,7130.0,sedang
Kepulauan Sula,62.29,11.69,7.91,6491.0,sedang
Halmahera Selatan,64.93,11.32,7.03,6704.0,sedang
Halmahera Utara,68.67,12.29,7.98,6746.0,sedang
Halmahera Timur,67.19,12.06,7.34,7212.0,sedang
Pulau Morotai,65.78,10.92,6.84,5720.0,rendah
Pulau Taliabu,60.98,10.96,7.4,5935.0,rendah
Kota Ternate,69.97,14.66,11.11,12454.0,tinggi
Kota Tidore Kepulauan,68.33,13.09,8.72,7454.0,sedang
PAPUA BARAT,65.13,11.87,6.96,6944.0,sedang
Fakfak,67.62,13.25,8.09,6731.0,sedang
Kaimana,63.57,11.19,7.61,7224.0,sedang
Teluk Wondama,58.36,10.26,6.5,7222.0,rendah
Teluk Bintuni,58.42,11.21,7.44,8929.0,sedang
Manokwari,67.6,13.15,7.7,11069.0,sedang
Sorong Selatan,65.34,11.52,6.75,5520.0,rendah
Sorong,65.23,12.38,7.14,6436.0,sedang
Raja Ampat,64.05,11.34,7.32,7061.0,sedang
Tambrauw,58.72,10.73,4.53,4405.0,rendah
Maybrat,64.65,12.11,5.96,4562.0,rendah
Manokwari Selatan,66.67,12.18,6.2,4149.0,rendah
Pegunungan Arfak,66.49,11.05,4.85,4563.0,rendah
Kota Sorong,69.02,13.95,10.86,12515.0,tinggi
PAPUA BARAT DAYA,68.4975,13.44875,10.2225,11752.625,tinggi
Raja Ampat,67.975,12.9475,9.585,10990.25,tinggi
Sorong,67.4525,12.44625,8.9475,10227.875,sedang
Sorong Selatan,66.93,11.945,8.309999999999999,9465.5,sedang
Maybrat,66.4075,11.44375,7.672499999999999,8703.125,sedang
Tambrauw,65.885,10.9425,7.035,7940.75,sedang
Kota Sorong,65.3625,10.44125,6.3975,7178.375,rendah
PAPUA,64.84,9.94,5.76,6416.0,rendah
Merauke,66.49,12.14,8.23,9882.0,sedang
Jayawijaya,57.79,10.64,4.39,6989.0,rendah
Jayapura,66.02,13.54,9.41,9597.0,sedang
Nabire,67.24,10.58,9.45,8652.0,sedang
Kepulauan Yapen,68.63,11.4,8.68,7241.0,sedang
Biak Numfor,67.85,13.21,9.61,9553.0,tinggi
Paniai,65.15,10.3,3.74,6086.0,rendah
Puncak Jaya,63.77,5.93,3.04,4938.0,rendah
Mimika,71.87,10.49,9.3,10873.0,tinggi
Boven Digoel,57.64,10.79,7.5,7646.0,rendah
Mappi,63.52,10.41,5.96,5709.0,rendah
Asmat,55.0,7.29,4.34,5485.0,rendah
Yahukimo,64.56,7.47,3.97,4081.0,rendah
Pegunungan Bintang,63.58,4.41,1.97,5095.0,rendah
Tolikara,64.66,7.67,3.04,4468.0,rendah
Sarmi,65.49,10.74,7.89,6358.0,sedang
Keerom,65.99,11.38,6.57,8514.0,sedang
Waropen,65.72,12.12,8.53,5989.0,sedang
Supiori,65.15,12.52,8.11,5098.0,rendah
Mamberamo Raya,56.37,10.59,4.44,4303.0,rendah
Nduga,53.6,2.16,0.63,3607.0,rendah
Lanny Jaya,64.85,7.11,2.6,3901.0,rendah
Mamberamo Tengah,62.62,7.64,2.4,3985.0,rendah
Yalimo,64.85,7.68,2.07,4298.0,rendah
Puncak,64.98,4.13,1.43,5010.0,rendah
Dogiyai,64.36,9.41,4.87,5061.0,rendah
Intan Jaya,64.88,6.0,2.32,4995.0,rendah
Deiyai,64.27,9.75,2.95,4293.0,rendah
Kota Jayapura,69.95,14.06,11.09,14172.0,tinggi
PAPUA SELATAN,69.97666666666667,13.990416666666668,10.95,13994.125,tinggi
Merauke,70.00333333333333,13.920833333333334,10.81,13816.25,tinggi
Boven Digoel,70.03,13.85125,10.67,13638.375,tinggi
Mappi,70.05666666666667,13.781666666666666,10.53,13460.5,tinggi
Asmat,70.08333333333334,13.712083333333334,10.39,13282.625,tinggi
PAPUA TENGAH,70.11,13.6425,10.25,13104.75,tinggi
Mimika,70.13666666666667,13.572916666666668,10.11,12926.875,tinggi
Dogiyai,70.16333333333334,13.503333333333334,9.97,12749.0,tinggi
Deiyai,70.19,13.43375,9.83,12571.125,tinggi
Nabire,70.21666666666667,13.364166666666668,9.69,12393.25,tinggi
Paniai,70.24333333333334,13.294583333333334,9.55,12215.375,tinggi
Intan Jaya,70.27000000000001,13.225,9.41,12037.5,tinggi
Puncak,70.29666666666667,13.155416666666667,9.27,11859.625,tinggi
Puncak Jaya,70.32333333333334,13.085833333333332,9.13,11681.75,tinggi
PAPUA PEGUNUNGAN,70.35000000000001,13.01625,8.99,11503.875,tinggi
Nduga,70.37666666666667,12.946666666666667,8.85,11326.0,tinggi
Jayawijaya,70.40333333333334,12.877083333333331,8.71,11148.125,tinggi
Lanny Jaya,70.43,12.8075,8.57,10970.25,tinggi
Tolikara,70.45666666666666,12.737916666666669,8.43,10792.375,tinggi
Mamberamo Tengah,70.48333333333333,12.668333333333331,8.29,10614.5,tinggi
Yalimo,70.51,12.59875,8.15,10436.625,tinggi
Yahukimo,70.53666666666668,12.529166666666669,8.01,10258.75,sedang
Pegunungan Bintang,70.56333333333333,12.459583333333336,7.87,10080.875,sedang
INDONESIA,70.59,12.39,7.73,9903.0,sedang
