Wilayah,UHH,HLS,RLS,PPP,IPM
ACEH,69.87,14.3,9.18,9603.0,tinggi
Simeulue,65.22,13.51,9.08,7210.0,sedang
Aceh Singkil,67.36,14.3,8.52,8715.0,sedang
Aceh Selatan,64.27,14.41,8.59,8187.0,sedang
Aceh Tenggara,68.04,13.99,9.65,8067.0,sedang
Aceh Timur,68.67,13.02,7.86,8600.0,sedang
Aceh Tengah,68.82,14.26,9.69,10782.0,tinggi
Aceh Barat,67.93,14.59,9.09,9692.0,tinggi
Aceh Besar,69.77,14.71,10.31,9661.0,tinggi
Pidie,66.89,14.45,8.82,9824.0,tinggi
Bireuen,71.16,14.82,9.27,8889.0,tinggi
Aceh Utara,68.79,14.69,8.46,8189.0,sedang
Aceh Barat Daya,64.91,13.57,8.35,8491.0,sedang
Gayo Lues,65.38,13.73,7.91,8845.0,sedang
Aceh Tamiang,69.52,13.58,8.89,8362.0,sedang
Nagan Raya,69.14,14.12,8.5,8348.0,sedang
Aceh Jaya,67.11,13.97,8.66,9682.0,sedang
Bener Meriah,69.19,13.45,9.78,11124.0,tinggi
Pidie Jaya,70.06,14.54,9.04,10364.0,tinggi
Kota Banda Aceh,71.36,17.39,12.64,16892.0,sangat tinggi
Kota Sabang,70.45,13.81,11.13,11444.0,tinggi
Kota Langsa,69.37,15.34,11.1,12099.0,tinggi
Kota Lhokseumawe,71.52,15.19,10.9,11421.0,tinggi
Kota Subulussalam,63.94,14.21,7.58,7463.0,sedang
SUMATERA UTARA,68.95,13.15,9.45,10649.0,tinggi
Nias,69.68,12.39,5.15,7042.0,sedang
Mandailing Natal,62.51,13.17,8.36,9900.0,sedang
Tapanuli Selatan,64.82,13.12,8.97,11410.0,sedang
Tapanuli Tengah,67.08,12.79,8.48,10175.0,sedang
Tapanuli Utara,68.46,13.68,9.71,11791.0,tinggi
Toba Samosir / Toba,69.93,13.28,10.36,12375.0,tinggi
Labuhan Batu,69.86,12.67,9.23,11193.0,tinggi
Asahan,68.11,12.59,8.49,10983.0,sedang
Simalungun,71.07,12.77,9.36,11422.0,tinggi
Dairi,68.79,13.09,9.34,10602.0,tinggi
Karo,71.27,12.75,9.62,12474.0,tinggi
Deli Serdang,71.61,13.34,10.08,12317.0,tinggi
Langkat,68.59,12.81,8.64,11208.0,tinggi
Nias Selatan,68.58,12.22,5.53,7105.0,sedang
Humbang Hasundutan,69.06,13.27,9.53,7902.0,sedang
Pakpak Bharat,65.59,13.85,8.73,8402.0,sedang
Samosir,71.16,13.46,9.15,8654.0,tinggi
Serdang Bedagai,68.46,12.59,8.53,11061.0,tinggi
Batu Bara,66.75,12.62,8.02,10575.0,sedang
Padang Lawas Utara,67.06,12.47,9.1,10194.0,sedang
Padang Lawas,66.98,13.02,8.69,9100.0,sedang
Labuhan Batu Selatan,68.64,12.99,8.74,11553.0,tinggi
Labuhan Batu Utara,69.37,12.82,8.36,11957.0,tinggi
Nias Utara,69.29,12.78,6.25,6245.0,sedang
Nias Barat,68.82,12.71,6.14,6009.0,sedang
Kota Sibolga,68.77,13.15,10.18,11656.0,tinggi
Kota Tanjung Balai,63.02,12.49,9.26,11383.0,sedang
Kota Pematang Siantar,73.33,14.21,11.15,12571.0,tinggi
Kota Tebing Tinggi,70.76,12.71,10.28,12895.0,tinggi
Kota Medan,72.98,14.73,11.38,15033.0,sangat tinggi
Kota Binjai,72.25,13.61,10.77,11260.0,tinggi
Kota Padangsidimpuan,69.15,14.53,10.7,11181.0,tinggi
Kota Gunungsitoli,71.02,13.73,8.58,8058.0,sedang
SUMATERA BARAT,69.31,14.01,8.92,10925.0,tinggi
Kepulauan Mentawai,64.68,12.76,7.08,6429.0,sedang
Pesisir Selatan,70.73,13.31,8.25,9444.0,tinggi
Solok,68.34,13.03,7.85,10309.0,sedang
Sijunjung,66.02,12.36,8.1,10395.0,sedang
Tanah Datar,69.73,14.32,8.45,10709.0,tinggi
Padang Pariaman,68.58,13.62,7.86,11158.0,tinggi
Agam,72.17,13.86,8.85,9780.0,tinggi
Lima Puluh Kota,69.7,13.28,7.98,9842.0,sedang
Pasaman,67.18,12.79,7.86,8599.0,sedang
Solok Selatan,67.58,12.7,8.16,10505.0,sedang
Dharmasraya,71.1,12.42,8.46,11431.0,tinggi
Pasaman Barat,67.67,13.4,8.06,9180.0,sedang
Kota Padang,73.57,16.51,11.34,14728.0,sangat tinggi
Kota Solok,73.45,14.31,11.02,12337.0,tinggi
Kota Sawah Lunto,69.87,13.16,9.97,10238.0,tinggi
Kota Padang Panjang,72.77,15.05,11.45,11013.0,tinggi
Kota Bukittinggi,74.22,14.96,11.32,13586.0,sangat tinggi
Kota Payakumbuh,73.61,14.25,10.72,13464.0,tinggi
Kota Pariaman,70.15,14.53,10.37,12958.0,tinggi
RIAU,71.48,13.14,9.03,11255.0,tinggi
Kuantan Singingi,68.44,13.32,8.58,10820.0,tinggi
Indragiri Hulu,70.2,12.35,8.17,10738.0,tinggi
Indragiri Hilir,67.66,11.9,7.22,10382.0,sedang
Pelalawan,71.03,12.17,8.49,12149.0,tinggi
Siak,71.03,12.75,9.65,12347.0,tinggi
Kampar,70.64,13.45,9.25,11232.0,tinggi
Rokan Hulu,69.89,12.83,8.38,9979.0,sedang
Bengkalis,71.11,12.86,9.41,11753.0,tinggi
Rokan Hilir,70.17,12.67,8.24,9672.0,sedang
Kepulauan Meranti,67.53,12.81,7.51,8358.0,sedang
Kota Pekanbaru,72.22,15.37,11.43,15206.0,sangat tinggi
Kota Dumai,70.82,13.1,9.85,12453.0,tinggi
JAMBI,71.06,12.93,8.45,10592.0,tinggi
Kerinci,69.82,13.86,8.21,10198.0,tinggi
Merangin,71.18,11.98,7.68,10312.0,sedang
Sarolangun,69.09,12.26,7.76,11679.0,sedang
Batang Hari,70.44,12.91,7.85,10038.0,sedang
Muaro Jambi,71.18,12.82,8.33,8697.0,sedang
Tanjung Jabung Timur,66.08,12.01,6.35,9192.0,sedang
Tanjung Jabung Barat,68.03,12.61,7.7,9539.0,sedang
Tebo,69.91,12.39,7.57,10555.0,sedang
Bungo,67.61,12.61,8.15,11662.0,sedang
Kota Jambi,72.57,14.9,10.91,12205.0,tinggi
Kota Sungai Penuh,72.01,14.78,10.08,10510.0,tinggi
SUMATERA SELATAN,69.65,12.39,8.18,10937.0,tinggi
Ogan Komering Ulu,68.01,12.59,8.69,10261.0,sedang
Ogan Komering Ilir,68.41,11.41,7.03,11032.0,sedang
Muara Enim,68.63,11.96,7.78,11285.0,sedang
Lahat,65.76,12.33,8.45,10071.0,sedang
Musi Rawas,67.86,12.07,7.51,9795.0,sedang
Musi Banyuasin,68.54,11.99,7.61,10364.0,sedang
Banyu Asin,68.76,11.74,7.19,10135.0,sedang
Ogan Komering Ulu Selatan,66.76,11.74,7.83,8830.0,sedang
Ogan Komering Ulu Timur,68.87,12.22,7.54,11753.0,sedang
Ogan Ilir,65.21,12.29,7.85,10777.0,sedang
Empat Lawang,64.81,12.05,7.39,9594.0,sedang
Penukal Abab Lematang Ilir,68.07,11.9,6.75,8400.0,sedang
Musi Rawas Utara,65.43,11.56,6.5,10223.0,sedang
Kota Palembang,70.54,14.4,10.52,15087.0,tinggi
Kota Prabumulih,70.09,12.9,9.72,13072.0,tinggi
Kota Pagar Alam,66.41,12.84,9.14,9291.0,sedang
Kota Lubuklinggau,69.04,13.36,9.81,13586.0,tinggi
BENGKULU,69.21,13.59,8.73,10409.0,tinggi
Bengkulu Selatan,67.79,13.6,9.02,9813.0,tinggi
Rejang Lebong,68.37,13.68,8.26,10162.0,tinggi
Bengkulu Utara,68.04,12.86,7.86,10336.0,sedang
Kaur,66.5,12.98,8.25,8594.0,sedang
Seluma,67.56,13.27,7.91,8209.0,sedang
Mukomuko,66.51,12.72,7.99,10381.0,sedang
Lebong,63.12,12.56,7.9,11177.0,sedang
Kepahiang,67.78,12.89,7.93,9243.0,sedang
Bengkulu Tengah,68.12,13.02,7.22,9435.0,sedang
Kota Bengkulu,70.04,16.01,11.78,14030.0,sangat tinggi
LAMPUNG,70.51,12.63,7.92,10114.0,sedang
Lampung Barat,67.43,12.24,7.85,9970.0,sedang
Tanggamus,68.4,12.17,7.21,9294.0,sedang
Lampung Selatan,69.2,12.33,7.68,9978.0,sedang
Lampung Timur,70.61,12.84,7.59,10028.0,sedang
Lampung Tengah,69.75,12.91,7.57,11154.0,tinggi
Lampung Utara,69.05,12.47,8.2,8779.0,sedang
Way Kanan,69.27,12.35,7.39,9292.0,sedang
Tulangbawang,69.88,11.88,7.23,10797.0,sedang
Pesawaran,68.88,12.29,7.6,8059.0,sedang
Pringsewu,69.85,12.82,8.19,10289.0,sedang
Mesuji,68.04,11.62,6.61,8144.0,sedang
Tulang Bawang Barat,69.88,12.04,7.13,8532.0,sedang
Pesisir Barat,63.27,11.98,7.82,8652.0,sedang
Kota Bandar Lampung,71.28,14.53,10.92,12255.0,tinggi
Kota Metro,71.55,14.34,10.64,12017.0,tinggi
KEP. BANGKA BELITUNG,70.5,11.94,7.98,12959.0,tinggi
Bangka,70.99,12.76,8.23,12480.0,tinggi
Belitung,70.94,11.84,8.41,13662.0,tinggi
Bangka Barat,69.99,11.52,7.21,12275.0,sedang
Bangka Tengah,71.16,11.76,7.13,13070.0,tinggi
Bangka Selatan,67.9,11.36,6.42,11910.0,sedang
Belitung Timur,71.9,11.51,8.15,11831.0,tinggi
Kota Pangkal Pinang,73.17,12.99,9.8,15883.0,tinggi
KEPULAUAN RIAU,69.8,12.83,9.99,14466.0,tinggi
Karimun,70.71,12.3,7.92,12136.0,tinggi
Bintan,70.3,12.95,8.36,14730.0,tinggi
Natuna,64.81,13.89,8.72,14821.0,tinggi
Lingga,61.75,12.44,6.51,12091.0,sedang
Kepulauan Anambas,67.06,12.75,6.91,12065.0,sedang
Kota Batam,73.29,13.15,11.13,18146.0,sangat tinggi
Kota Tanjung Pinang,72.02,14.09,9.99,15838.0,tinggi
DKI JAKARTA,72.79,12.97,11.06,18527.0,sangat tinggi
Kep. Seribu,68.51,12.56,8.47,12623.0,tinggi
Kota Jakarta Selatan,74.03,13.32,11.62,23851.0,sangat tinggi
Kota Jakarta Timur,74.37,13.82,11.65,17662.0,sangat tinggi
Kota Jakarta Pusat,74.02,13.24,11.25,17285.0,sangat tinggi
Kota Jakarta Barat,73.54,12.79,10.4,20875.0,sangat tinggi
Kota Jakarta Utara,73.18,12.62,10.7,18566.0,sangat tinggi
JAWA BARAT,72.85,12.48,8.37,11152.0,tinggi
Bogor,71.01,12.47,8.29,10683.0,tinggi
Sukabumi,70.73,12.22,7.02,8973.0,sedang
Cianjur,69.91,11.98,6.97,8290.0,sedang
Bandung,73.4,12.68,8.79,10502.0,tinggi
Garut,71.22,11.82,7.51,8099.0,sedang
Tasikmalaya,69.21,12.52,7.17,8092.0,sedang
Ciamis,71.57,13.79,7.69,9557.0,tinggi
Kuningan,73.35,12.1,7.38,9673.0,sedang
Cirebon,71.82,12.24,6.71,10670.0,sedang
Majalengka,69.97,12.21,7.09,9822.0,sedang
Sumedang,72.29,12.96,8.27,10406.0,tinggi
Indramayu,71.37,12.24,5.99,10090.0,sedang
Subang,72.13,11.69,6.85,11012.0,sedang
Purwakarta,70.8,12.1,7.92,11819.0,tinggi
Karawang,71.98,12.08,7.65,11856.0,tinggi
Bekasi,73.56,13.08,8.84,11610.0,tinggi
Bandung Barat,72.18,11.86,8.18,8684.0,sedang
Pangandaran,71.12,12.06,7.67,9423.0,sedang
Kota Bogor,73.41,13.4,10.32,11825.0,tinggi
Kota Sukabumi,72.26,13.46,9.58,11204.0,tinggi
Kota Bandung,74.14,14.19,10.74,17254.0,sangat tinggi
Kota Cirebon,72.13,13.11,9.9,11930.0,tinggi
Kota Bekasi,74.89,13.99,11.1,16157.0,sangat tinggi
Kota Depok,74.31,13.91,11.0,15696.0,sangat tinggi
Kota Cimahi,73.89,13.79,10.95,12448.0,tinggi
Kota Tasikmalaya,71.93,13.44,9.13,10414.0,tinggi
Kota Banjar,70.79,13.22,8.62,10705.0,tinggi
JAWA TENGAH,74.23,12.68,7.53,11102.0,tinggi
Cilacap,73.52,12.49,6.93,10639.0,sedang
Banyumas,73.55,12.82,7.42,11703.0,tinggi
Purbalingga,73.02,11.98,7.14,10131.0,sedang
Banjarnegara,74.01,11.45,6.5,9547.0,sedang
Kebumen,73.22,13.04,7.53,9066.0,sedang
Purworejo,74.52,13.49,7.91,10342.0,tinggi
Wonosobo,71.6,11.74,6.76,10871.0,sedang
Magelang,73.56,12.53,7.77,9387.0,sedang
Boyolali,75.83,12.43,7.56,13079.0,tinggi
Klaten,76.68,13.24,8.31,12074.0,tinggi
Sukoharjo,77.55,13.82,9.1,11557.0,tinggi
Wonogiri,76.07,12.48,7.04,9426.0,sedang
Karanganyar,77.38,13.67,8.52,11569.0,tinggi
Sragen,75.62,12.69,7.34,12720.0,tinggi
Grobogan,74.61,12.29,6.86,10350.0,sedang
Blora,74.23,12.19,6.58,9795.0,sedang
Rembang,74.43,12.1,7.15,10551.0,tinggi
Pati,76.04,12.41,7.19,10660.0,tinggi
Kudus,76.5,13.22,8.63,11318.0,tinggi
Jepara,75.74,12.74,7.44,10609.0,tinggi
Demak,75.31,13.01,7.55,10344.0,tinggi
Semarang,75.63,12.94,8.01,12116.0,tinggi
Temanggung,75.48,12.13,7.15,9489.0,sedang
Kendal,74.33,12.8,7.25,11597.0,tinggi
Batang,74.59,12.0,6.63,9573.0,sedang
Pekalongan,73.57,12.4,6.88,10508.0,sedang
Pemalang,73.22,11.94,6.41,8546.0,sedang
Tegal,71.4,12.58,6.86,9798.0,sedang
Brebes,69.04,12.03,6.2,10238.0,sedang
Kota Magelang,76.75,13.81,10.33,12514.0,tinggi
Kota Surakarta,77.12,14.55,10.54,15049.0,sangat tinggi
Kota Salatiga,77.22,15.34,10.41,15944.0,sangat tinggi
Kota Semarang,77.25,15.51,10.52,15550.0,sangat tinggi
Kota Pekalongan,74.28,12.83,8.71,12680.0,tinggi
Kota Tegal,74.34,13.04,8.31,13250.0,tinggi
D I YOGYAKARTA,74.92,15.58,9.38,14394.0,tinggi
Kulon Progo,75.2,14.25,8.66,10275.0,tinggi
Bantul,73.77,15.15,9.54,15636.0,sangat tinggi
Gunung Kidul,74.03,12.96,7.13,9612.0,sedang
Sleman,74.77,16.72,10.67,16434.0,sangat tinggi
Kota Yogyakarta,74.56,17.28,11.45,19125.0,sangat tinggi
JAWA TIMUR,71.18,13.16,7.59,11739.0,tinggi
Pacitan,71.77,12.62,7.28,9033.0,sedang
Ponorogo,72.65,13.72,7.21,9883.0,tinggi
Trenggalek,73.59,12.25,7.28,9865.0,sedang
Tulungagung,73.95,13.15,8.07,10891.0,tinggi
Blitar,73.39,12.45,7.29,10861.0,tinggi
Kediri,72.54,12.88,8.01,11146.0,tinggi
Malang,72.45,13.17,7.27,10270.0,tinggi
Lumajang,69.94,11.8,6.22,9274.0,sedang
Jember,68.99,13.22,6.18,9525.0,sedang
Banyuwangi,70.54,12.78,7.13,12264.0,tinggi
Bondowoso,66.55,13.27,5.71,10665.0,sedang
Situbondo,68.97,13.14,6.12,10097.0,sedang
Probolinggo,67.0,12.34,5.77,10972.0,sedang
Pasuruan,70.17,12.31,7.11,10381.0,sedang
Sidoarjo,73.98,14.91,10.25,14609.0,sangat tinggi
Mojokerto,72.43,12.61,8.49,12860.0,tinggi
Jombang,72.27,13.0,8.53,11533.0,tinggi
Nganjuk,71.44,12.85,7.63,12200.0,tinggi
Madiun,71.22,13.14,7.8,11650.0,tinggi
Magetan,72.49,14.0,7.96,11779.0,tinggi
Ngawi,72.16,12.69,6.98,11468.0,tinggi
Bojonegoro,71.36,12.36,7.09,10265.0,sedang
Tuban,71.26,12.2,6.81,10499.0,sedang
Lamongan,72.27,13.47,7.89,11572.0,tinggi
Gresik,72.61,13.72,9.29,13295.0,tinggi
Bangkalan,70.11,11.59,5.66,8718.0,sedang
Sampang,67.96,12.08,4.55,8760.0,sedang
Pamekasan,67.45,13.63,6.4,8834.0,sedang
Sumenep,71.22,13.19,5.46,9082.0,sedang
Kota Kediri,73.96,14.97,9.92,12440.0,tinggi
Kota Blitar,73.6,14.31,10.1,13851.0,tinggi
Kota Malang,73.15,15.41,10.17,16666.0,sangat tinggi
Kota Probolinggo,70.19,13.57,8.69,12280.0,tinggi
Kota Pasuruan,71.4,13.6,9.11,13393.0,tinggi
Kota Mojokerto,73.21,13.83,10.24,13710.0,tinggi
Kota Madiun,72.75,14.39,11.13,16040.0,sangat tinggi
Kota Surabaya,74.13,14.79,10.47,17854.0,sangat tinggi
Kota Batu,72.54,14.12,9.06,12870.0,tinggi
BANTEN,69.84,12.88,8.74,12267.0,tinggi
Pandeglang,64.49,13.46,6.96,8719.0,sedang
Lebak,67.04,11.96,6.31,8850.0,sedang
Tangerang,69.79,12.81,8.28,12476.0,tinggi
Serang,64.47,12.43,7.33,10802.0,sedang
Kota Tangerang,71.57,13.84,10.65,14860.0,tinggi
Kota Cilegon,66.6,13.15,9.74,13230.0,tinggi
Kota Serang,67.83,12.77,8.67,13418.0,tinggi
Kota Tangerang Selatan,72.41,14.43,11.8,15988.0,sangat tinggi
BALI,71.99,13.27,8.84,14146.0,tinggi
Jembrana,72.21,12.63,8.22,11902.0,tinggi
Tabanan,73.53,12.99,8.87,14608.0,tinggi
Badung,74.99,13.97,10.38,17628.0,sangat tinggi
Gianyar,73.56,13.8,8.94,14623.0,tinggi
Klungkung,71.06,12.98,8.12,11484.0,tinggi
Bangli,70.37,12.33,7.16,11369.0,sedang
Karangasem,70.35,12.4,6.31,10302.0,sedang
Buleleng,71.68,12.91,7.08,13780.0,tinggi
Kota Denpasar,74.68,13.99,11.23,19992.0,sangat tinggi
NUSA TENGGARA BARAT,66.28,13.48,7.27,10640.0,sedang
Lombok Barat,66.64,13.48,6.37,11647.0,sedang
Lombok Tengah,65.99,13.5,6.27,10196.0,sedang
Lombok Timur,65.74,13.51,6.69,9639.0,sedang
Sumbawa,67.31,12.97,7.91,9336.0,sedang
Dompu,66.6,13.31,8.4,9027.0,sedang
Bima,66.11,13.28,7.77,8631.0,sedang
Sumbawa Barat,67.8,13.61,8.53,11766.0,tinggi
Lombok Utara,66.92,12.71,5.84,9279.0,sedang
Kota Mataram,71.59,15.58,9.45,15426.0,tinggi
Kota Bima,70.2,14.99,10.38,11334.0,tinggi
NUSA TENGGARA TIMUR,66.85,13.15,7.55,7769.0,sedang
Sumba Barat,66.98,12.89,6.53,7586.0,sedang
Sumba Timur,64.94,12.81,6.86,9640.0,sedang
Kupang,64.39,13.84,7.37,7698.0,sedang
Timor Tengah Selatan,66.32,12.56,6.72,6955.0,sedang
Timor Tengah Utara,66.86,13.3,7.51,6479.0,sedang
Belu,64.35,12.26,7.11,7677.0,sedang
Alor,61.29,12.11,8.09,6958.0,sedang
Lembata,66.97,12.4,8.21,7474.0,sedang
Flores Timur,65.1,12.9,7.7,7770.0,sedang
Sikka,67.07,12.87,6.71,8313.0,sedang
Ende,65.17,13.77,7.8,9315.0,sedang
Ngada,67.96,12.69,8.37,8961.0,sedang
Manggarai,66.77,13.14,7.27,7276.0,sedang
Rote Ndao,64.34,13.17,7.29,6720.0,sedang
Manggarai Barat,67.12,11.96,7.19,7602.0,sedang
Sumba Tengah,68.32,12.66,5.96,6198.0,sedang
Sumba Barat Daya,68.43,13.05,6.33,6594.0,sedang
Nagekeo,67.03,12.47,7.83,8469.0,sedang
Manggarai Timur,67.98,11.69,6.87,5919.0,sedang
Sabu Raijua,60.23,13.13,6.33,5354.0,rendah
Malaka,64.89,12.77,6.86,5998.0,sedang
Kota Kupang,69.37,16.24,11.47,13592.0,tinggi
KALIMANTAN BARAT,70.56,12.58,7.31,9055.0,sedang
Sambas,68.83,12.6,6.7,9924.0,sedang
Bengkayang,73.67,12.08,6.53,9182.0,sedang
Landak,72.7,12.39,7.1,7403.0,sedang
Mempawah,70.9,12.33,6.82,7913.0,sedang
Sanggau,71.35,11.56,6.95,8410.0,sedang
Ketapang,71.01,11.79,7.26,9259.0,sedang
Sintang,71.62,12.02,6.89,8823.0,sedang
Kapuas Hulu,72.44,12.04,7.47,7206.0,sedang
Sekadau,71.65,11.57,6.6,7640.0,sedang
Melawi,72.88,11.15,6.67,8465.0,sedang
Kayong Utara,68.11,11.81,6.0,7905.0,sedang
Kubu Raya,70.43,13.64,6.82,8773.0,sedang
Kota Pontianak,72.8,14.99,10.14,14515.0,tinggi
Kota Singkawang,71.85,12.89,7.72,11789.0,tinggi
KALIMANTAN TENGAH,69.69,12.57,8.51,11236.0,tinggi
Kotawaringin Barat,70.51,12.71,8.41,13175.0,tinggi
Kotawaringin Timur,69.8,12.69,8.12,11905.0,tinggi
Kapuas,68.69,12.9,7.52,11063.0,sedang
Barito Selatan,66.99,12.54,8.71,11582.0,tinggi
Barito Utara,71.29,12.48,8.6,10010.0,tinggi
Sukamara,71.49,12.11,7.91,8738.0,sedang
Lamandau,69.34,12.47,8.38,11278.0,tinggi
Seruyan,69.25,11.98,7.93,9385.0,sedang
Katingan,65.7,12.51,8.66,10639.0,sedang
Pulang Pisau,67.98,12.4,8.08,10104.0,sedang
Gunung Mas,70.32,11.77,9.03,10822.0,tinggi
Barito Timur,68.14,12.82,9.2,11333.0,tinggi
Murung Raya,69.47,11.74,7.46,10471.0,sedang
Kota Palangka Raya,73.19,14.94,11.51,14091.0,sangat tinggi
KALIMANTAN SELATAN,68.49,12.52,8.2,12253.0,tinggi
Tanah Laut,69.31,11.96,7.64,11318.0,sedang
Kotabaru,69.1,11.92,7.42,11731.0,sedang
Banjar,66.97,12.28,7.34,12681.0,sedang
Barito Kuala,65.88,12.38,7.33,9952.0,sedang
Tapin,70.23,11.86,7.75,12088.0,tinggi
Hulu Sungai Selatan,65.82,12.1,7.74,12835.0,sedang
Hulu Sungai Tengah,65.82,12.19,7.99,12257.0,sedang
Hulu Sungai Utara,63.58,12.88,7.37,9772.0,sedang
Tabalong,70.33,12.59,8.78,11476.0,tinggi
Tanah Bumbu,70.08,12.36,7.71,12025.0,tinggi
Balangan,67.59,12.37,7.27,11557.0,sedang
Kota Banjarmasin,70.98,13.92,9.94,14547.0,tinggi
Kota Banjar Baru,71.87,14.8,10.94,13949.0,tinggi
KALIMANTAN TIMUR,74.22,13.69,9.7,12359.0,tinggi
Paser,72.52,13.0,8.54,10767.0,tinggi
Kutai Barat,72.79,12.89,8.34,10338.0,tinggi
Kutai Kartanegara,72.21,13.58,9.1,11152.0,tinggi
Kutai Timur,73.03,12.78,9.18,11196.0,tinggi
Berau,71.94,13.31,9.25,12726.0,tinggi
Penajam Paser Utara,71.3,12.55,8.16,11750.0,tinggi
Mahakam Ulu,71.9,12.5,7.89,8008.0,sedang
Kota Balikpapan,74.41,14.13,10.67,14791.0,sangat tinggi
Kota Samarinda,74.17,14.7,10.47,14613.0,sangat tinggi
Kota Bontang,74.18,12.9,10.73,16843.0,sangat tinggi
KALIMANTAN UTARA,72.54,12.84,8.94,9343.0,tinggi
Malinau,71.42,13.29,9.05,10121.0,tinggi
Bulungan,72.6,12.99,8.93,9648.0,tinggi
Tana Tidung,71.38,12.2,8.53,7981.0,sedang
Nunukan,71.3,12.63,7.81,7290.0,sedang
Kota Tarakan,73.92,13.73,9.96,11509.0,tinggi
SULAWESI UTARA,71.58,12.73,9.43,11115.0,tinggi
Bolaang Mongondow,69.22,11.41,7.77,10470.0,sedang
Minahasa,70.98,13.97,9.58,12720.0,tinggi
Kepulauan Sangihe,69.96,12.31,8.04,11663.0,tinggi
Kepulauan Talaud,70.04,12.27,9.25,8638.0,sedang
Minahasa Selatan,69.8,12.43,8.85,11760.0,tinggi
Minahasa Utara,71.31,12.69,9.93,11712.0,tinggi
Bolaang Mongondow Utara,67.54,11.9,8.12,9366.0,sedang
Siau Tagulandang Biaro,70.54,11.64,8.75,8252.0,sedang
Minahasa Tenggara,70.07,12.04,8.87,10665.0,tinggi
Bolaang Mongondow Selatan,64.45,12.28,7.8,9229.0,sedang
Bolaang Mongondow Timur,67.81,11.5,7.59,9483.0,sedang
Kota Manado,71.8,14.14,11.26,14232.0,tinggi
Kota Bitung,71.0,12.6,9.87,12383.0,tinggi
Kota Tomohon,71.79,14.19,10.48,12152.0,tinggi
Kota Kotamobagu,70.33,12.78,10.09,11098.0,tinggi
SULAWESI TENGAH,68.23,13.14,8.75,9604.0,sedang
Banggai Kepulauan,65.71,13.05,8.19,7619.0,sedang
Banggai,70.61,13.23,8.24,9842.0,tinggi
Morowali,68.82,13.33,9.11,11277.0,tinggi
Poso,70.85,13.69,9.36,9084.0,tinggi
Donggala,66.85,12.48,7.86,8189.0,sedang
Toli-Toli,65.3,12.72,8.26,8156.0,sedang
Buol,68.17,13.08,8.75,8151.0,sedang
Parigi Moutong,63.94,12.46,7.47,9878.0,sedang
Tojo Una-Una,65.14,12.25,8.38,7765.0,sedang
Sigi,69.57,12.86,8.53,8375.0,sedang
Banggai Laut,64.79,12.89,8.51,7888.0,sedang
Morowali Utara,69.19,12.23,8.7,9109.0,sedang
Kota Palu,70.68,16.22,11.6,15205.0,sangat tinggi
SULAWESI SELATAN,70.43,13.36,8.26,11118.0,tinggi
Kepulauan Selayar,68.34,12.48,7.63,9028.0,sedang
Bulukumba,67.69,12.91,7.43,10480.0,sedang
Bantaeng,70.42,12.03,6.48,11592.0,sedang
Jeneponto,66.24,11.97,6.48,9078.0,sedang
Takalar,67.01,12.25,7.18,10474.0,sedang
Gowa,70.37,13.48,7.97,9369.0,sedang
Sinjai,67.17,12.87,7.48,9465.0,sedang
Maros,68.98,13.02,7.46,10981.0,sedang
Pangkajene dan Kepulauan,66.49,12.51,7.6,11392.0,sedang
Barru,68.91,13.57,7.96,10911.0,tinggi
Bone,66.88,12.8,6.98,8954.0,sedang
Soppeng,69.43,12.73,7.74,9444.0,sedang
Wajo,67.17,13.13,6.8,12399.0,sedang
Sidenreng Rappang,69.59,12.93,7.83,12039.0,tinggi
Pinrang,69.39,13.22,7.85,11828.0,tinggi
Enrekang,70.83,13.69,8.89,10800.0,tinggi
Luwu,70.19,13.32,8.15,10085.0,tinggi
Tana Toraja,73.15,13.58,8.02,7253.0,sedang
Luwu Utara,68.31,12.42,7.78,11583.0,sedang
Luwu Timur,70.38,12.82,8.54,12802.0,tinggi
Toraja Utara,73.35,13.37,7.92,8083.0,sedang
Kota Makasar,72.0,15.56,11.2,16989.0,sangat tinggi
Kota Parepare,71.18,14.49,10.3,13648.0,tinggi
Kota Palopo,70.79,15.07,10.75,12986.0,tinggi
SULAWESI TENGGARA,70.97,13.55,8.91,9436.0,tinggi
Buton,67.92,13.74,7.51,7366.0,sedang
Muna,70.18,13.78,8.35,8253.0,sedang
Konawe,70.02,12.99,9.14,10200.0,tinggi
Kolaka,70.72,12.8,8.76,12525.0,tinggi
Konawe Selatan,70.52,12.24,7.74,9115.0,sedang
Bombana,68.54,11.83,7.74,8344.0,sedang
Wakatobi,70.13,13.2,7.73,9388.0,sedang
Kolaka Utara,70.15,12.1,7.86,10258.0,sedang
Buton Utara,70.75,12.75,8.75,7534.0,sedang
Konawe Utara,69.23,12.54,8.97,9215.0,sedang
Kolaka Timur,72.33,12.15,7.35,7832.0,sedang
Konawe Kepulauan,68.25,11.81,9.18,6832.0,sedang
Muna Barat,70.16,12.2,6.77,7526.0,sedang
Buton Tengah,67.5,12.7,7.29,7264.0,sedang
Buton Selatan,67.5,12.94,7.32,7293.0,sedang
Kota Kendari,73.52,16.28,11.94,14392.0,sangat tinggi
Kota Baubau,70.95,14.81,10.37,10523.0,tinggi
GORONTALO,67.93,13.06,7.69,10075.0,sedang
Boalemo,68.83,12.43,6.54,8874.0,sedang
Gorontalo,67.45,12.94,7.11,9361.0,sedang
Pohuwato,63.83,12.36,7.1,10316.0,sedang
Bone Bolango,68.38,13.45,8.07,10147.0,sedang
Gorontalo Utara,65.79,12.44,6.74,8982.0,sedang
Kota Gorontalo,72.42,14.32,10.35,12298.0,tinggi
SULAWESI BARAT,64.82,12.62,7.73,9235.0,sedang
Majene,61.3,13.6,8.52,10029.0,sedang
Polewali Mandar,62.18,13.05,7.4,8598.0,sedang
Mamasa,70.75,11.74,7.37,7769.0,sedang
Mamuju,67.23,13.18,7.69,9535.0,sedang
Mamuju Utara / Pasangkayu,65.91,11.66,7.92,11094.0,sedang
Mamuju Tengah,68.06,11.92,7.24,8501.0,sedang
MALUKU,65.82,13.94,9.81,8887.0,sedang
Maluku Tenggara Barat / Kepulauan Tanimbar,63.34,12.28,9.55,6396.0,sedang
Maluku Tenggara,64.95,12.63,9.5,7625.0,sedang
Maluku Tengah,66.34,14.15,9.64,10298.0,tinggi
Buru,66.32,13.02,8.46,10400.0,sedang
Kepulauan Aru,62.73,12.29,8.71,7678.0,sedang
Seram Bagian Barat,61.48,13.42,8.86,8704.0,sedang
Seram Bagian Timur,59.16,12.75,8.22,9452.0,sedang
Maluku Barat Daya,62.16,12.26,8.14,6888.0,sedang
Buru Selatan,66.13,12.68,7.7,7627.0,sedang
Kota Ambon,70.35,16.02,11.91,14233.0,sangat tinggi
Kota Tual,65.21,13.9,10.26,7506.0,sedang
MALUKU UTARA,68.18,13.63,9.0,8308.0,sedang
Halmahera Barat,66.13,13.08,8.12,7660.0,sedang
Halmahera Tengah,63.65,12.94,8.79,8258.0,sedang
Kepulauan Sula,63.18,12.73,8.73,7221.0,sedang
Halmahera Selatan,65.75,12.77,7.92,7298.0,sedang
Halmahera Utara,69.47,13.59,8.38,7713.0,sedang
Halmahera Timur,68.64,12.74,8.06,8127.0,sedang
Pulau Morotai,66.99,12.43,7.1,6655.0,sedang
Pulau Taliabu,61.95,12.58,7.46,6659.0,sedang
Kota Ternate,70.85,15.73,11.58,13632.0,sangat tinggi
Kota Tidore Kepulauan,69.22,14.2,9.64,8608.0,tinggi
PAPUA BARAT,65.9,12.72,7.44,8125.0,sedang
Fakfak,68.41,14.09,8.64,7608.0,sedang
Kaimana,64.64,11.98,8.28,8304.0,sedang
Teluk Wondama,59.93,11.34,6.87,8198.0,rendah
Teluk Bintuni,60.6,12.17,7.95,9821.0,sedang
Manokwari,68.56,13.64,8.16,11994.0,tinggi
Sorong Selatan,66.15,12.88,7.26,6252.0,sedang
Sorong,66.02,13.43,8.02,7507.0,sedang
Raja Ampat,64.7,12.02,7.8,7958.0,sedang
Tambrauw,59.96,11.62,5.07,5001.0,rendah
Maybrat,65.17,12.91,6.67,5391.0,rendah
Manokwari Selatan,67.48,12.33,6.57,5511.0,rendah
Pegunungan Arfak,67.18,11.62,5.08,5102.0,rendah
Kota Sorong,70.46,14.22,11.05,13815.0,tinggi
PAPUA BARAT DAYA,69.85875,13.82375,10.5,13005.125,tinggi
Raja Ampat,69.2575,13.4275,9.95,12195.25,tinggi
Sorong,68.65625,13.03125,9.4,11385.375,tinggi
Sorong Selatan,68.055,12.635000000000002,8.850000000000001,10575.5,sedang
Maybrat,67.45375,12.23875,8.3,9765.625,sedang
Tambrauw,66.8525,11.8425,7.75,8955.75,sedang
Kota Sorong,66.25125,11.44625,7.2,8145.875,sedang
PAPUA,65.65,11.05,6.65,7336.0,sedang
Merauke,66.93,13.59,8.56,10498.0,sedang
Jayawijaya,59.39,11.93,5.3,7835.0,rendah
Jayapura,66.93,14.19,9.79,10375.0,tinggi
Nabire,67.97,11.59,9.7,9195.0,sedang
Kepulauan Yapen,69.06,12.72,9.19,7785.0,sedang
Biak Numfor,68.2,13.95,10.22,10211.0,tinggi
Paniai,66.27,10.48,4.38,6767.0,rendah
Puncak Jaya,64.98,6.96,3.61,5523.0,rendah
Mimika,72.27,12.17,9.91,12035.0,tinggi
Boven Digoel,59.64,11.06,8.55,8300.0,sedang
Mappi,64.91,10.54,6.3,6513.0,rendah
Asmat,57.53,8.74,4.82,6066.0,rendah
Yahukimo,65.8,7.6,4.02,5030.0,rendah
Pegunungan Bintang,64.34,6.14,2.61,5633.0,rendah
Tolikara,65.58,8.28,3.63,5142.0,rendah
Sarmi,66.26,11.81,8.53,6860.0,sedang
Keerom,66.6,12.41,8.0,9136.0,sedang
Waropen,66.24,12.78,9.18,7018.0,sedang
Supiori,65.81,12.73,8.6,5820.0,sedang
Mamberamo Raya,57.55,11.78,5.65,4807.0,rendah
Nduga,55.12,3.29,0.97,4181.0,rendah
Lanny Jaya,66.0,8.35,3.19,4569.0,rendah
Mamberamo Tengah,63.44,8.63,2.9,4671.0,rendah
Yalimo,65.34,8.83,2.58,4860.0,rendah
Puncak,65.61,5.19,1.96,5702.0,rendah
Dogiyai,65.6,10.57,4.92,5709.0,rendah
Intan Jaya,65.51,7.36,2.64,5593.0,rendah
Deiyai,65.11,9.8,3.0,4958.0,rendah
Kota Jayapura,70.38,15.0,11.55,15176.0,sangat tinggi
PAPUA SELATAN,70.42,14.914583333333333,11.416250000000002,15014.458333333334,tinggi
Merauke,70.46,14.829166666666666,11.2825,14852.916666666666,tinggi
Boven Digoel,70.5,14.74375,11.14875,14691.375,tinggi
Mappi,70.53999999999999,14.658333333333331,11.015,14529.833333333334,tinggi
Asmat,70.58,14.572916666666666,10.88125,14368.291666666666,tinggi
PAPUA TENGAH,70.62,14.4875,10.7475,14206.75,tinggi
Mimika,70.66,14.402083333333334,10.61375,14045.208333333334,tinggi
Dogiyai,70.7,14.316666666666666,10.48,13883.666666666666,tinggi
Deiyai,70.74,14.23125,10.34625,13722.125,tinggi
Nabire,70.78,14.145833333333332,10.2125,13560.583333333334,tinggi
Paniai,70.82,14.060416666666669,10.07875,13399.041666666666,tinggi
Intan Jaya,70.86,13.975,9.945,13237.5,tinggi
Puncak,70.9,13.889583333333333,9.81125,13075.958333333334,tinggi
Puncak Jaya,70.94,13.804166666666667,9.6775,12914.416666666668,tinggi
PAPUA PEGUNUNGAN,70.98,13.71875,9.54375,12752.875,tinggi
Nduga,71.02,13.633333333333333,9.41,12591.333333333334,tinggi
Jayawijaya,71.06,13.547916666666666,9.27625,12429.791666666668,tinggi
Lanny Jaya,71.1,13.4625,9.1425,12268.25,tinggi
Tolikara,71.14,13.377083333333331,9.00875,12106.708333333334,tinggi
Mamberamo Tengah,71.18,13.291666666666666,8.875,11945.166666666668,tinggi
Yalimo,71.22,13.20625,8.74125,11783.625,tinggi
Yahukimo,71.26,13.120833333333334,8.6075,11622.083333333334,tinggi
Pegunungan Bintang,71.3,13.035416666666666,8.473749999999999,11460.541666666668,tinggi
INDONESIA,71.34,12.95,8.34,11299.0,tinggi
